recording_id,experimental_group,condition_path,recording_stem,latest_export_status,sample_count,sampling_frequency_hz,duration_s,binary_dtype,binary_channels,binary_bytes,all_structural_checks_pass,source_label_at_index_14,event_kind,pulse_start_count,pulse_stop_count,chemical_start_count,event_count,source_gain_entry_count,gain_uv_per_count,review_flags
Actuators & Effectors/Stim 1/352.1/2021-06-23T11-11-59McsRecording,Actuators & Effectors,Stim 1/352.1,2021-06-23T11-11-59McsRecording,already_validated,6104000,10000.0,610.4,int32,59,1440544000,True,Ref,pulse_markers,5,5,0,10,60,0.059605,
Actuators & Effectors/Stim 1/352.2/2021-06-23T11-27-23McsRecording,Actuators & Effectors,Stim 1/352.2,2021-06-23T11-27-23McsRecording,prepared,6097000,10000.0,609.7,int32,59,1438892000,True,Ref,pulse_markers,5,5,0,10,60,0.059605,
Actuators & Effectors/Stim 1/352.3/2021-06-23T11-42-44McsRecording,Actuators & Effectors,Stim 1/352.3,2021-06-23T11-42-44McsRecording,prepared,6115000,10000.0,611.5,int32,59,1443140000,True,Ref,pulse_markers,5,5,0,10,60,0.059605,
Actuators & Effectors/Stim 1/353.1/2021-06-22T15-23-26McsRecording,Actuators & Effectors,Stim 1/353.1,2021-06-22T15-23-26McsRecording,prepared,6184000,10000.0,618.4,int32,59,1459424000,True,Ref,pulse_markers,5,5,0,10,60,0.059605,
Actuators & Effectors/Stim 1/353.1/2021-06-23T10-22-25McsRecording,Actuators & Effectors,Stim 1/353.1,2021-06-23T10-22-25McsRecording,prepared,6098000,10000.0,609.8,int32,59,1439128000,True,Ref,pulse_markers,5,5,0,10,60,0.059605,
Actuators & Effectors/Stim 1/353.2/2021-06-22T15-11-13McsRecording,Actuators & Effectors,Stim 1/353.2,2021-06-22T15-11-13McsRecording,prepared,392000,10000.0,39.2,int32,59,92512000,True,Ref,no_markers,0,0,0,0,60,0.059605,no_hardware_markers_not_proof_of_no_treatment
Actuators & Effectors/Stim 1/353.2/2021-06-22T15-12-53McsRecording,Actuators & Effectors,Stim 1/353.2,2021-06-22T15-12-53McsRecording,prepared,38000,10000.0,3.8,int32,59,8968000,True,Ref,no_markers,0,0,0,0,60,0.059605,shorter_than_axion_aind_30s_minimum;no_hardware_markers_not_proof_of_no_treatment
Actuators & Effectors/Stim 1/353.2/2021-06-22T15-13-50McsRecording,Actuators & Effectors,Stim 1/353.2,2021-06-22T15-13-50McsRecording,prepared,52000,10000.0,5.2,int32,59,12272000,True,Ref,no_markers,0,0,0,0,60,0.059605,shorter_than_axion_aind_30s_minimum;no_hardware_markers_not_proof_of_no_treatment
Actuators & Effectors/Stim 1/353.2/2021-06-22T15-14-30McsRecording,Actuators & Effectors,Stim 1/353.2,2021-06-22T15-14-30McsRecording,prepared,644000,10000.0,64.4,int32,59,151984000,True,Ref,pulse_markers,5,5,0,10,60,0.059605,
Actuators & Effectors/Stim 1/353.2/2021-06-23T10-38-48McsRecording,Actuators & Effectors,Stim 1/353.2,2021-06-23T10-38-48McsRecording,prepared,6101000,10000.0,610.1,int32,59,1439836000,True,Ref,pulse_markers,5,5,0,10,60,0.059605,
Actuators & Effectors/Stim 1/353.3/2021-06-23T10-54-59McsRecording,Actuators & Effectors,Stim 1/353.3,2021-06-23T10-54-59McsRecording,prepared,6107000,10000.0,610.7,int32,59,1441252000,True,Ref,pulse_markers,5,5,0,10,60,0.059605,
Actuators & Effectors/Stim 1/354.1/2021-06-23T09-29-06McsRecording,Actuators & Effectors,Stim 1/354.1,2021-06-23T09-29-06McsRecording,prepared,6102000,10000.0,610.2,int32,59,1440072000,True,Ref,pulse_markers,5,5,0,10,60,0.059605,
Actuators & Effectors/Stim 1/354.2/2021-06-23T09-47-01McsRecording,Actuators & Effectors,Stim 1/354.2,2021-06-23T09-47-01McsRecording,prepared,6101000,10000.0,610.1,int32,59,1439836000,True,Ref,pulse_markers,5,5,0,10,60,0.059605,
Actuators & Effectors/Stim 1/354.3/2021-06-23T10-02-54McsRecording,Actuators & Effectors,Stim 1/354.3,2021-06-23T10-02-54McsRecording,prepared,6106000,10000.0,610.6,int32,59,1441016000,True,Ref,pulse_markers,5,5,0,10,60,0.059605,
Actuators & Effectors/Stim 1/371.1/2021-06-23T08-26-58McsRecording,Actuators & Effectors,Stim 1/371.1,2021-06-23T08-26-58McsRecording,prepared,6093000,10000.0,609.3,int32,59,1437948000,True,Ref,pulse_markers,5,5,0,10,60,0.059605,
Actuators & Effectors/Stim 1/371.2/2021-06-23T08-52-53McsRecording,Actuators & Effectors,Stim 1/371.2,2021-06-23T08-52-53McsRecording,prepared,6161000,10000.0,616.1,int32,59,1453996000,True,Ref,pulse_markers,5,5,0,10,60,0.059605,
Actuators & Effectors/Stim 1/371.3/2021-06-23T09-09-11McsRecording,Actuators & Effectors,Stim 1/371.3,2021-06-23T09-09-11McsRecording,prepared,6160000,10000.0,616.0,int32,59,1453760000,True,Ref,pulse_markers,5,5,0,10,60,0.059605,
Actuators & Effectors/Stim 2/352.1/2021-06-24T09-45-56McsRecording,Actuators & Effectors,Stim 2/352.1,2021-06-24T09-45-56McsRecording,prepared,652000,10000.0,65.2,int32,59,153872000,True,Ref,no_markers,0,0,0,0,60,0.059605,no_hardware_markers_not_proof_of_no_treatment
Actuators & Effectors/Stim 2/352.1/2021-07-05T12-25-39McsRecording,Actuators & Effectors,Stim 2/352.1,2021-07-05T12-25-39McsRecording,prepared,337000,10000.0,33.7,int32,60,80880000,True,15,no_markers,0,0,0,0,60,0.059605,numeric_15_in_source_slot_14_reference_role_to_resolve;no_hardware_markers_not_proof_of_no_treatment
Actuators & Effectors/Stim 2/352.1/2021-07-05T12-26-26McsRecording,Actuators & Effectors,Stim 2/352.1,2021-07-05T12-26-26McsRecording,prepared,6073000,10000.0,607.3,int32,60,1457520000,True,15,pulse_markers,5,5,0,10,60,0.059605,numeric_15_in_source_slot_14_reference_role_to_resolve
Actuators & Effectors/Stim 2/352.1/2021-07-05T12-36-38McsRecording,Actuators & Effectors,Stim 2/352.1,2021-07-05T12-36-38McsRecording,prepared,1202000,10000.0,120.2,int32,60,288480000,True,15,chemical_marker,0,0,1,1,60,0.059605,numeric_15_in_source_slot_14_reference_role_to_resolve
Actuators & Effectors/Stim 2/352.2/2021-06-24T09-49-56McsRecording,Actuators & Effectors,Stim 2/352.2,2021-06-24T09-49-56McsRecording,prepared,821000,10000.0,82.1,int32,59,193756000,True,Ref,no_markers,0,0,0,0,60,0.059605,no_hardware_markers_not_proof_of_no_treatment
Actuators & Effectors/Stim 2/352.2/2021-07-05T12-44-45McsRecording,Actuators & Effectors,Stim 2/352.2,2021-07-05T12-44-45McsRecording,prepared,6067000,10000.0,606.7,int32,60,1456080000,True,15,pulse_markers,5,5,0,10,60,0.059605,numeric_15_in_source_slot_14_reference_role_to_resolve
Actuators & Effectors/Stim 2/352.2/2021-07-05T12-55-02McsRecording,Actuators & Effectors,Stim 2/352.2,2021-07-05T12-55-02McsRecording,prepared,1204000,10000.0,120.4,int32,60,288960000,True,15,chemical_marker,0,0,1,1,60,0.059605,numeric_15_in_source_slot_14_reference_role_to_resolve
Actuators & Effectors/Stim 2/352.3/2021-07-05T13-03-12McsRecording,Actuators & Effectors,Stim 2/352.3,2021-07-05T13-03-12McsRecording,prepared,6055000,10000.0,605.5,int32,60,1453200000,True,15,pulse_markers,5,5,0,10,60,0.059605,numeric_15_in_source_slot_14_reference_role_to_resolve
Actuators & Effectors/Stim 2/352.3/2021-07-05T13-13-23McsRecording,Actuators & Effectors,Stim 2/352.3,2021-07-05T13-13-23McsRecording,prepared,1212000,10000.0,121.2,int32,60,290880000,True,15,chemical_marker,0,0,1,1,60,0.059605,numeric_15_in_source_slot_14_reference_role_to_resolve
Actuators & Effectors/Stim 2/353.1/2021-07-05T10-17-41McsRecording,Actuators & Effectors,Stim 2/353.1,2021-07-05T10-17-41McsRecording,prepared,6070000,10000.0,607.0,int32,60,1456800000,True,15,pulse_markers,5,5,0,10,60,0.059605,numeric_15_in_source_slot_14_reference_role_to_resolve
Actuators & Effectors/Stim 2/353.1/2021-07-05T10-29-33McsRecording,Actuators & Effectors,Stim 2/353.1,2021-07-05T10-29-33McsRecording,prepared,549000,10000.0,54.9,int32,60,131760000,True,15,no_markers,0,0,0,0,60,0.059605,numeric_15_in_source_slot_14_reference_role_to_resolve;no_hardware_markers_not_proof_of_no_treatment
Actuators & Effectors/Stim 2/353.1/2021-07-05T10-31-31McsRecording,Actuators & Effectors,Stim 2/353.1,2021-07-05T10-31-31McsRecording,prepared,1198000,10000.0,119.8,int32,60,287520000,True,15,chemical_marker,0,0,1,1,60,0.059605,numeric_15_in_source_slot_14_reference_role_to_resolve
Actuators & Effectors/Stim 2/353.1/2021-07-05T11-54-41McsRecording,Actuators & Effectors,Stim 2/353.1,2021-07-05T11-54-41McsRecording,prepared,148000,10000.0,14.8,int32,60,35520000,True,15,no_markers,0,0,0,0,60,0.059605,numeric_15_in_source_slot_14_reference_role_to_resolve;shorter_than_axion_aind_30s_minimum;no_hardware_markers_not_proof_of_no_treatment
Actuators & Effectors/Stim 2/353.1/2021-07-05T11-58-49McsRecording,Actuators & Effectors,Stim 2/353.1,2021-07-05T11-58-49McsRecording,prepared,2394000,10000.0,239.4,int32,60,574560000,True,15,no_markers,0,0,0,0,60,0.059605,numeric_15_in_source_slot_14_reference_role_to_resolve;no_hardware_markers_not_proof_of_no_treatment
Actuators & Effectors/Stim 2/353.2/2021-07-05T11-02-19McsRecording,Actuators & Effectors,Stim 2/353.2,2021-07-05T11-02-19McsRecording,prepared,6078000,10000.0,607.8,int32,60,1458720000,True,15,pulse_markers,5,5,0,10,60,0.059605,numeric_15_in_source_slot_14_reference_role_to_resolve
Actuators & Effectors/Stim 2/353.2/2021-07-05T11-12-31McsRecording,Actuators & Effectors,Stim 2/353.2,2021-07-05T11-12-31McsRecording,prepared,1210000,10000.0,121.0,int32,60,290400000,True,15,chemical_marker,0,0,1,1,60,0.059605,numeric_15_in_source_slot_14_reference_role_to_resolve
Actuators & Effectors/Stim 2/353.3/2021-07-05T12-08-07McsRecording,Actuators & Effectors,Stim 2/353.3,2021-07-05T12-08-07McsRecording,prepared,6130000,10000.0,613.0,int32,60,1471200000,True,15,pulse_markers,5,5,0,10,60,0.059605,numeric_15_in_source_slot_14_reference_role_to_resolve
Actuators & Effectors/Stim 2/353.3/2021-07-05T12-18-25McsRecording,Actuators & Effectors,Stim 2/353.3,2021-07-05T12-18-25McsRecording,prepared,1213000,10000.0,121.3,int32,60,291120000,True,15,chemical_marker,0,0,1,1,60,0.059605,numeric_15_in_source_slot_14_reference_role_to_resolve
Actuators & Effectors/Stim 2/354.2/2021-07-05T13-19-58McsRecording,Actuators & Effectors,Stim 2/354.2,2021-07-05T13-19-58McsRecording,prepared,6104000,10000.0,610.4,int32,60,1464960000,True,15,pulse_markers,5,5,0,10,60,0.059605,numeric_15_in_source_slot_14_reference_role_to_resolve
Actuators & Effectors/Stim 2/354.2/2021-07-05T13-30-14McsRecording,Actuators & Effectors,Stim 2/354.2,2021-07-05T13-30-14McsRecording,prepared,1203000,10000.0,120.3,int32,60,288720000,True,15,chemical_marker,0,0,1,1,60,0.059605,numeric_15_in_source_slot_14_reference_role_to_resolve
Actuators & Effectors/Stim 2/354.2/2021-07-05T13-36-17McsRecording,Actuators & Effectors,Stim 2/354.2,2021-07-05T13-36-17McsRecording,prepared,217000,10000.0,21.7,int32,60,52080000,True,15,no_markers,0,0,0,0,60,0.059605,numeric_15_in_source_slot_14_reference_role_to_resolve;shorter_than_axion_aind_30s_minimum;no_hardware_markers_not_proof_of_no_treatment
Actuators & Effectors/Stim 2/354.2/2021-07-05T13-43-26McsRecording,Actuators & Effectors,Stim 2/354.2,2021-07-05T13-43-26McsRecording,prepared,1053000,10000.0,105.3,int32,60,252720000,True,15,chemical_marker,0,0,1,1,60,0.059605,numeric_15_in_source_slot_14_reference_role_to_resolve
Actuators & Effectors/Stim 2/371.1/2021-07-05T14-08-25McsRecording,Actuators & Effectors,Stim 2/371.1,2021-07-05T14-08-25McsRecording,prepared,6038000,10000.0,603.8,int32,60,1449120000,True,15,pulse_markers,5,5,0,10,60,0.059605,numeric_15_in_source_slot_14_reference_role_to_resolve
Actuators & Effectors/Stim 2/371.1/2021-07-05T14-18-33McsRecording,Actuators & Effectors,Stim 2/371.1,2021-07-05T14-18-33McsRecording,prepared,921000,10000.0,92.1,int32,60,221040000,True,15,chemical_marker,0,0,1,1,60,0.059605,numeric_15_in_source_slot_14_reference_role_to_resolve
Actuators & Effectors/Stim 2/371.3/2021-07-05T13-51-27McsRecording,Actuators & Effectors,Stim 2/371.3,2021-07-05T13-51-27McsRecording,prepared,6055000,10000.0,605.5,int32,60,1453200000,True,15,pulse_markers,5,5,0,10,60,0.059605,numeric_15_in_source_slot_14_reference_role_to_resolve
Actuators & Effectors/Stim 2/371.3/2021-07-05T14-01-37McsRecording,Actuators & Effectors,Stim 2/371.3,2021-07-05T14-01-37McsRecording,prepared,905000,10000.0,90.5,int32,60,217200000,True,15,chemical_marker,0,0,1,1,60,0.059605,numeric_15_in_source_slot_14_reference_role_to_resolve
Actuators & Effectors/Stim 4/352.3/2021-07-30T08-22-12McsRecording,Actuators & Effectors,Stim 4/352.3,2021-07-30T08-22-12McsRecording,prepared,6054000,10000.0,605.4,int32,59,1428744000,True,Ref,pulse_markers,5,5,0,10,60,0.059605,
Actuators & Effectors/Stim 4/352.3/2021-07-30T08-32-21McsRecording,Actuators & Effectors,Stim 4/352.3,2021-07-30T08-32-21McsRecording,prepared,1805000,10000.0,180.5,int32,59,425980000,True,Ref,chemical_marker,0,0,1,1,60,0.059605,
Actuators & Effectors/Stim 4/353.1/2021-07-30T07-18-10McsRecording,Actuators & Effectors,Stim 4/353.1,2021-07-30T07-18-10McsRecording,prepared,1711000,10000.0,171.1,int32,59,403796000,True,Ref,no_markers,0,0,0,0,60,0.059605,no_hardware_markers_not_proof_of_no_treatment
Actuators & Effectors/Stim 4/353.1/2021-07-30T07-21-55McsRecording,Actuators & Effectors,Stim 4/353.1,2021-07-30T07-21-55McsRecording,prepared,6038000,10000.0,603.8,int32,59,1424968000,True,Ref,pulse_markers,5,5,0,10,60,0.059605,
Actuators & Effectors/Stim 4/353.1/2021-07-30T07-32-07McsRecording,Actuators & Effectors,Stim 4/353.1,2021-07-30T07-32-07McsRecording,prepared,1806000,10000.0,180.6,int32,59,426216000,True,Ref,chemical_marker,0,0,1,1,60,0.059605,
Actuators & Effectors/Stim 4/353.2/2021-07-30T07-41-17McsRecording,Actuators & Effectors,Stim 4/353.2,2021-07-30T07-41-17McsRecording,prepared,6037000,10000.0,603.7,int32,59,1424732000,True,Ref,pulse_markers,5,5,0,10,60,0.059605,
Actuators & Effectors/Stim 4/353.2/2021-07-30T07-51-27McsRecording,Actuators & Effectors,Stim 4/353.2,2021-07-30T07-51-27McsRecording,prepared,1814000,10000.0,181.4,int32,59,428104000,True,Ref,chemical_marker,0,0,1,1,60,0.059605,
Actuators & Effectors/Stim 4/353.3/2021-07-30T08-01-19McsRecording,Actuators & Effectors,Stim 4/353.3,2021-07-30T08-01-19McsRecording,prepared,6078000,10000.0,607.8,int32,59,1434408000,True,Ref,pulse_markers,5,5,0,10,60,0.059605,
Actuators & Effectors/Stim 4/353.3/2021-07-30T08-11-33McsRecording,Actuators & Effectors,Stim 4/353.3,2021-07-30T08-11-33McsRecording,prepared,1802000,10000.0,180.2,int32,59,425272000,True,Ref,chemical_marker,0,0,1,1,60,0.059605,
Actuators & Effectors/Stim 4/354.1/2021-07-30T08-47-27McsRecording,Actuators & Effectors,Stim 4/354.1,2021-07-30T08-47-27McsRecording,prepared,6048000,10000.0,604.8,int32,59,1427328000,True,Ref,pulse_markers,5,5,0,10,60,0.059605,
Actuators & Effectors/Stim 4/354.1/2021-07-30T08-57-37McsRecording,Actuators & Effectors,Stim 4/354.1,2021-07-30T08-57-37McsRecording,prepared,1806000,10000.0,180.6,int32,59,426216000,True,Ref,chemical_marker,0,0,1,1,60,0.059605,
Actuators & Effectors/Stim 4/354.3/2021-07-30T09-07-52McsRecording,Actuators & Effectors,Stim 4/354.3,2021-07-30T09-07-52McsRecording,prepared,6037000,10000.0,603.7,int32,59,1424732000,True,Ref,pulse_markers,5,5,0,10,60,0.059605,
Actuators & Effectors/Stim 4/354.3/2021-07-30T09-18-04McsRecording,Actuators & Effectors,Stim 4/354.3,2021-07-30T09-18-04McsRecording,prepared,1804000,10000.0,180.4,int32,59,425744000,True,Ref,chemical_marker,0,0,1,1,60,0.059605,
Actuators & Effectors/Stim 4/371.1/2021-07-30T09-28-25McsRecording,Actuators & Effectors,Stim 4/371.1,2021-07-30T09-28-25McsRecording,prepared,6089000,10000.0,608.9,int32,59,1437004000,True,Ref,pulse_markers,5,5,0,10,60,0.059605,
Actuators & Effectors/Stim 4/371.2/2021-07-30T09-44-04McsRecording,Actuators & Effectors,Stim 4/371.2,2021-07-30T09-44-04McsRecording,prepared,6044000,10000.0,604.4,int32,59,1426384000,True,Ref,pulse_markers,5,5,0,10,60,0.059605,
Actuators & Effectors/Stim 4/371.3/2021-07-30T09-59-07McsRecording,Actuators & Effectors,Stim 4/371.3,2021-07-30T09-59-07McsRecording,prepared,850000,10000.0,85.0,int32,59,200600000,True,Ref,no_markers,0,0,0,0,60,0.059605,no_hardware_markers_not_proof_of_no_treatment
Actuators & Effectors/Stim 4/371.3/2021-07-30T10-02-42McsRecording,Actuators & Effectors,Stim 4/371.3,2021-07-30T10-02-42McsRecording,prepared,6061000,10000.0,606.1,int32,59,1430396000,True,Ref,pulse_markers,5,5,0,10,60,0.059605,
Actuators & Veh/8-15-22 353/2022-08-15T17-50-18McsRecording_2,Actuators & Veh,8-15-22 353,2022-08-15T17-50-18McsRecording_2,prepared,2395000,10000.0,239.5,int32,59,565220000,True,Ref,pulse_markers,5,5,0,10,60,0.059605,
Actuators & Veh/8-15-22 354-1/2022-08-15T17-23-14McsRecording_2,Actuators & Veh,8-15-22 354-1,2022-08-15T17-23-14McsRecording_2,prepared,3603000,10000.0,360.3,int32,59,850308000,True,Ref,pulse_markers,5,5,0,10,60,0.059605,
Actuators & Veh/8-15-22 354-2/2022-08-15T17-37-34McsRecording_2,Actuators & Veh,8-15-22 354-2,2022-08-15T17-37-34McsRecording_2,prepared,2438000,10000.0,243.8,int32,59,575368000,True,Ref,pulse_markers,5,5,0,10,60,0.059605,
Actuators & Veh/8-15-22 371/2022-08-15T18-04-27McsRecording_2,Actuators & Veh,8-15-22 371,2022-08-15T18-04-27McsRecording_2,prepared,2406000,10000.0,240.6,int32,59,567816000,True,Ref,pulse_markers,5,5,0,10,60,0.059605,
Actuators & Veh/8-15-22 D3-1/2022-08-15T16-48-56McsRecording_2,Actuators & Veh,8-15-22 D3-1,2022-08-15T16-48-56McsRecording_2,prepared,2538000,10000.0,253.8,int32,59,598968000,True,Ref,pulse_markers,5,5,0,10,60,0.059605,
Actuators & Veh/8-15-22 D3-2/2022-08-15T17-07-56McsRecording_2,Actuators & Veh,8-15-22 D3-2,2022-08-15T17-07-56McsRecording_2,prepared,3668000,10000.0,366.8,int32,59,865648000,True,Ref,pulse_markers,5,5,0,10,60,0.059605,
Actuators & Veh/8-16-22 371/2022-08-16T16-27-38McsRecording,Actuators & Veh,8-16-22 371,2022-08-16T16-27-38McsRecording,prepared,2153000,10000.0,215.3,int32,59,508108000,True,Ref,no_markers,0,0,0,0,60,0.059605,no_hardware_markers_not_proof_of_no_treatment
Actuators & Veh/8-16-22 371/2022-08-16T16-40-22McsRecording,Actuators & Veh,8-16-22 371,2022-08-16T16-40-22McsRecording,prepared,28000,10000.0,2.8,int32,59,6608000,True,Ref,no_markers,0,0,0,0,60,0.059605,shorter_than_axion_aind_30s_minimum;no_hardware_markers_not_proof_of_no_treatment
Actuators & Veh/8-16-22 371/2022-08-16T16-42-50McsRecording,Actuators & Veh,8-16-22 371,2022-08-16T16-42-50McsRecording,prepared,19000,10000.0,1.9,int32,59,4484000,True,Ref,no_markers,0,0,0,0,60,0.059605,shorter_than_axion_aind_30s_minimum;no_hardware_markers_not_proof_of_no_treatment
Actuators & Veh/8-16-22 371/2022-08-16T16-43-07McsRecording,Actuators & Veh,8-16-22 371,2022-08-16T16-43-07McsRecording,prepared,13000,10000.0,1.3,int32,59,3068000,True,Ref,no_markers,0,0,0,0,60,0.059605,shorter_than_axion_aind_30s_minimum;no_hardware_markers_not_proof_of_no_treatment
Actuators & Veh/8-16-22 371/2022-08-16T16-52-02McsRecording,Actuators & Veh,8-16-22 371,2022-08-16T16-52-02McsRecording,prepared,1203000,10000.0,120.3,int32,59,283908000,True,Ref,pulse_markers,5,5,0,10,60,0.059605,
Actuators & Veh/8-16-22 371/2022-08-16T16-55-30McsRecording,Actuators & Veh,8-16-22 371,2022-08-16T16-55-30McsRecording,prepared,1864000,10000.0,186.4,int32,59,439904000,True,Ref,pulse_markers,70,70,0,140,60,0.059605,
Actuators & Veh/8-16-22 371/2022-08-16T16-58-54McsRecording,Actuators & Veh,8-16-22 371,2022-08-16T16-58-54McsRecording,prepared,1215000,10000.0,121.5,int32,59,286740000,True,Ref,pulse_markers,30,30,0,60,60,0.059605,
Actuators & Veh/8-16-22 371/2022-08-16T17-01-26McsRecording,Actuators & Veh,8-16-22 371,2022-08-16T17-01-26McsRecording,prepared,1205000,10000.0,120.5,int32,59,284380000,True,Ref,pulse_markers,30,30,0,60,60,0.059605,
Actuators & Veh/8-16-22 371/2022-08-16T17-14-49McsRecording,Actuators & Veh,8-16-22 371,2022-08-16T17-14-49McsRecording,prepared,1549000,10000.0,154.9,int32,59,365564000,True,Ref,pulse_markers,30,30,0,60,60,0.059605,
Actuators & Veh/8-16-22 371/2022-08-16T17-21-02McsRecording,Actuators & Veh,8-16-22 371,2022-08-16T17-21-02McsRecording,prepared,6004000,10000.0,600.4,int32,59,1416944000,True,Ref,pulse_markers,105,105,0,210,60,0.059605,
Actuators & Veh/8-17-22 353/2022-08-17T15-49-18McsRecording,Actuators & Veh,8-17-22 353,2022-08-17T15-49-18McsRecording,prepared,1805000,10000.0,180.5,int32,59,425980000,True,Ref,pulse_markers,5,5,0,10,60,0.059605,
Actuators & Veh/8-17-22 354-2/2022-08-17T15-38-18McsRecording,Actuators & Veh,8-17-22 354-2,2022-08-17T15-38-18McsRecording,prepared,2385000,10000.0,238.5,int32,59,562860000,True,Ref,pulse_markers,5,5,0,10,60,0.059605,
Actuators & Veh/8-17-22 371/2022-08-17T15-57-33McsRecording,Actuators & Veh,8-17-22 371,2022-08-17T15-57-33McsRecording,prepared,1851000,10000.0,185.1,int32,59,436836000,True,Ref,pulse_markers,5,5,0,10,60,0.059605,
Actuators & Veh/8-17-22 D3-1/2022-08-17T15-05-04McsRecording,Actuators & Veh,8-17-22 D3-1,2022-08-17T15-05-04McsRecording,prepared,2393000,10000.0,239.3,int32,59,564748000,True,Ref,pulse_markers,5,5,0,10,60,0.059605,
Actuators & Veh/8-17-22 D3-2/2022-08-17T15-17-08McsRecording,Actuators & Veh,8-17-22 D3-2,2022-08-17T15-17-08McsRecording,prepared,2456000,10000.0,245.6,int32,59,579616000,True,Ref,pulse_markers,5,5,0,10,60,0.059605,
Actuators & Veh/8-17-22 D3-2/2022-08-17T15-28-37McsRecording,Actuators & Veh,8-17-22 D3-2,2022-08-17T15-28-37McsRecording,prepared,2460000,10000.0,246.0,int32,59,580560000,True,Ref,pulse_markers,5,5,0,10,60,0.059605,
MEA 2023/353-1 2_6_23/2023-02-06T21-25-46McsRecording,MEA 2023,353-1 2_6_23,2023-02-06T21-25-46McsRecording,prepared,6010000,10000.0,601.0,int32,59,1418360000,True,Ref,no_markers,0,0,0,0,60,0.059605,no_hardware_markers_not_proof_of_no_treatment
MEA 2023/353-1 2_8_23/2023-02-08T18-33-53McsRecording,MEA 2023,353-1 2_8_23,2023-02-08T18-33-53McsRecording,prepared,6886000,10000.0,688.6,int32,59,1625096000,True,Ref,no_markers,0,0,0,0,60,0.059605,no_hardware_markers_not_proof_of_no_treatment
MEA 2023/353-2 2_7_23/2023-02-07T18-03-33McsRecording,MEA 2023,353-2 2_7_23,2023-02-07T18-03-33McsRecording,prepared,6032000,10000.0,603.2,int32,59,1423552000,True,Ref,no_markers,0,0,0,0,60,0.059605,no_hardware_markers_not_proof_of_no_treatment
MEA 2023/353-2 2_9_23/2023-02-09T15-46-24McsRecording,MEA 2023,353-2 2_9_23,2023-02-09T15-46-24McsRecording,prepared,6004000,10000.0,600.4,int32,59,1416944000,True,Ref,no_markers,0,0,0,0,60,0.059605,no_hardware_markers_not_proof_of_no_treatment
MEA 2023/354-1 2_6_23/2023-02-06T20-59-28McsRecording,MEA 2023,354-1 2_6_23,2023-02-06T20-59-28McsRecording,prepared,6027000,10000.0,602.7,int32,59,1422372000,True,Ref,no_markers,0,0,0,0,60,0.059605,no_hardware_markers_not_proof_of_no_treatment
MEA 2023/354-1 2_8_23/2023-02-08T17-57-36McsRecording,MEA 2023,354-1 2_8_23,2023-02-08T17-57-36McsRecording,prepared,6000000,10000.0,600.0,int32,59,1416000000,True,Ref,no_markers,0,0,0,0,60,0.059605,no_hardware_markers_not_proof_of_no_treatment
MEA 2023/354-2 2_7_23/2023-02-07T18-38-46McsRecording,MEA 2023,354-2 2_7_23,2023-02-07T18-38-46McsRecording,prepared,6003000,10000.0,600.3,int32,59,1416708000,True,Ref,no_markers,0,0,0,0,60,0.059605,no_hardware_markers_not_proof_of_no_treatment
MEA 2023/354-2 2_7_23/2023-02-07T18-48-58McsRecording,MEA 2023,354-2 2_7_23,2023-02-07T18-48-58McsRecording,prepared,3023000,10000.0,302.3,int32,59,713428000,True,Ref,no_markers,0,0,0,0,60,0.059605,no_hardware_markers_not_proof_of_no_treatment
MEA 2023/354-2 2_9_23/2023-02-09T15-12-27McsRecording,MEA 2023,354-2 2_9_23,2023-02-09T15-12-27McsRecording,prepared,6002000,10000.0,600.2,int32,59,1416472000,True,Ref,no_markers,0,0,0,0,60,0.059605,no_hardware_markers_not_proof_of_no_treatment
MEA 2023/371-1 2_6_23/2023-02-06T21-44-35McsRecording,MEA 2023,371-1 2_6_23,2023-02-06T21-44-35McsRecording,prepared,6005000,10000.0,600.5,int32,59,1417180000,True,Ref,no_markers,0,0,0,0,60,0.059605,no_hardware_markers_not_proof_of_no_treatment
MEA 2023/371-1 2_8_23/2023-02-08T18-52-13McsRecording,MEA 2023,371-1 2_8_23,2023-02-08T18-52-13McsRecording,prepared,6004000,10000.0,600.4,int32,59,1416944000,True,Ref,no_markers,0,0,0,0,60,0.059605,no_hardware_markers_not_proof_of_no_treatment
MEA 2023/371-2 2_7_23/2023-02-07T19-01-45McsRecording,MEA 2023,371-2 2_7_23,2023-02-07T19-01-45McsRecording,prepared,7203000,10000.0,720.3,int32,59,1699908000,True,Ref,no_markers,0,0,0,0,60,0.059605,no_hardware_markers_not_proof_of_no_treatment
MEA 2023/371-2 2_9_23/2023-02-09T16-01-57McsRecording,MEA 2023,371-2 2_9_23,2023-02-09T16-01-57McsRecording,prepared,8528000,10000.0,852.8,int32,59,2012608000,True,Ref,no_markers,0,0,0,0,60,0.059605,no_hardware_markers_not_proof_of_no_treatment
MEA 2023/D3-1 2_8_23/2023-02-08T18-16-58McsRecording,MEA 2023,D3-1 2_8_23,2023-02-08T18-16-58McsRecording,prepared,6003000,10000.0,600.3,int32,59,1416708000,True,Ref,no_markers,0,0,0,0,60,0.059605,no_hardware_markers_not_proof_of_no_treatment
MEA 2023/D3-2 2_3_23/2023-02-03T18-31-11McsRecording,MEA 2023,D3-2 2_3_23,2023-02-03T18-31-11McsRecording,prepared,2996000,10000.0,299.6,int32,59,707056000,True,Ref,no_markers,0,0,0,0,60,0.059605,no_hardware_markers_not_proof_of_no_treatment
MEA 2023/D3-2 2_3_23/2023-02-05T17-53-25McsRecording,MEA 2023,D3-2 2_3_23,2023-02-05T17-53-25McsRecording,prepared,7216000,10000.0,721.6,int32,59,1702976000,True,Ref,no_markers,0,0,0,0,60,0.059605,no_hardware_markers_not_proof_of_no_treatment
MEA 2023/D3-2 2_3_23/2023-02-06T20-41-22McsRecording,MEA 2023,D3-2 2_3_23,2023-02-06T20-41-22McsRecording,prepared,6016000,10000.0,601.6,int32,59,1419776000,True,Ref,no_markers,0,0,0,0,60,0.059605,no_hardware_markers_not_proof_of_no_treatment
MEA 2023/D3-2 2_7_23/2023-02-07T18-21-50McsRecording,MEA 2023,D3-2 2_7_23,2023-02-07T18-21-50McsRecording,prepared,6066000,10000.0,606.6,int32,59,1431576000,True,Ref,no_markers,0,0,0,0,60,0.059605,no_hardware_markers_not_proof_of_no_treatment
MEA 2023/D3-2 2_9_23/2023-02-09T15-30-50McsRecording,MEA 2023,D3-2 2_9_23,2023-02-09T15-30-50McsRecording,prepared,6005000,10000.0,600.5,int32,59,1417180000,True,Ref,no_markers,0,0,0,0,60,0.059605,no_hardware_markers_not_proof_of_no_treatment
plain neurons & Effectors/CNO1/2022-03-14T14-49-04McsRecording,plain neurons & Effectors,CNO1,2022-03-14T14-49-04McsRecording,prepared,6005000,10000.0,600.5,int32,59,1417180000,True,Ref,pulse_markers,5,5,0,10,60,0.059605,
plain neurons & Effectors/CNO2/2022-03-14T15-21-19McsRecording,plain neurons & Effectors,CNO2,2022-03-14T15-21-19McsRecording,prepared,2583000,10000.0,258.3,int32,59,609588000,True,Ref,no_markers,0,0,0,0,60,0.059605,no_hardware_markers_not_proof_of_no_treatment
plain neurons & Effectors/CNO2/2022-03-14T15-25-53McsRecording,plain neurons & Effectors,CNO2,2022-03-14T15-25-53McsRecording,prepared,3269000,10000.0,326.9,int32,59,771484000,True,Ref,pulse_markers,5,5,0,10,60,0.059605,
plain neurons & Effectors/CNO3/2022-03-14T15-49-31McsRecording,plain neurons & Effectors,CNO3,2022-03-14T15-49-31McsRecording,prepared,6014000,10000.0,601.4,int32,59,1419304000,True,Ref,pulse_markers,5,5,0,10,60,0.059605,
plain neurons & Effectors/CTZ1/2022-03-14T16-25-24McsRecording,plain neurons & Effectors,CTZ1,2022-03-14T16-25-24McsRecording,prepared,6006000,10000.0,600.6,int32,59,1417416000,True,Ref,pulse_markers,5,5,0,10,60,0.059605,
plain neurons & Effectors/CTZ2/2022-03-14T16-50-27McsRecording,plain neurons & Effectors,CTZ2,2022-03-14T16-50-27McsRecording,prepared,6005000,10000.0,600.5,int32,59,1417180000,True,Ref,pulse_markers,5,5,0,10,60,0.059605,
plain neurons & Effectors/CTZ3/2022-03-14T17-20-47McsRecording,plain neurons & Effectors,CTZ3,2022-03-14T17-20-47McsRecording,prepared,6005000,10000.0,600.5,int32,59,1417180000,True,Ref,pulse_markers,5,5,0,10,60,0.059605,
plain neurons & Effectors/NB1/2022-03-13T19-19-35McsRecording,plain neurons & Effectors,NB1,2022-03-13T19-19-35McsRecording,prepared,6014000,10000.0,601.4,int32,59,1419304000,True,Ref,pulse_markers,5,5,0,10,60,0.059605,
plain neurons & Effectors/NB2/2022-03-13T20-08-10McsRecording,plain neurons & Effectors,NB2,2022-03-13T20-08-10McsRecording,prepared,6013000,10000.0,601.3,int32,59,1419068000,True,Ref,pulse_markers,5,5,0,10,60,0.059605,
plain neurons & Effectors/NB3/2022-03-13T20-33-18McsRecording,plain neurons & Effectors,NB3,2022-03-13T20-33-18McsRecording,prepared,6006000,10000.0,600.6,int32,59,1417416000,True,Ref,pulse_markers,5,5,0,10,60,0.059605,
plain neurons & Effectors/PSEM1/2022-03-13T17-31-43McsRecording,plain neurons & Effectors,PSEM1,2022-03-13T17-31-43McsRecording,prepared,6064000,10000.0,606.4,int32,59,1431104000,True,Ref,pulse_markers,5,5,0,10,60,0.059605,
plain neurons & Effectors/PSEM2/2022-03-13T18-30-24McsRecording,plain neurons & Effectors,PSEM2,2022-03-13T18-30-24McsRecording,prepared,6007000,10000.0,600.7,int32,59,1417652000,True,Ref,pulse_markers,5,5,0,10,60,0.059605,
plain neurons & Effectors/PSEM3/2022-03-13T18-52-57McsRecording,plain neurons & Effectors,PSEM3,2022-03-13T18-52-57McsRecording,prepared,6034000,10000.0,603.4,int32,59,1424024000,True,Ref,pulse_markers,5,5,0,10,60,0.059605,
