experimental_group,group_scope,condition_path,recording_stem,source_msrd_path,source_msrd_size_bytes,msrs_sidecar_present,h5_path,h5_present,sorting_readiness,blocking_reason,next_action,legacy_reader_status,sampling_frequency_hz,sample_count,duration_s,signal_channel_count,event_count
Actuators & Effectors,primary_experimental_group,Stim 1/352.1,2021-06-23T11-11-59McsRecording,/Volumes/MannySSD/final_chemogenetics_raw_data_2026/MANNY MEAs chemogenetics/Actuators & Effectors/Stim 1/352.1/2021-06-23T11-11-59McsRecording.msrd,1477963022,true,/Volumes/MannySSD/final_chemogenetics_raw_data_2026/MANNY MEAs chemogenetics/Actuators & Effectors/Stim 1/352.1/2021-06-23T11-11-59McsRecording.h5,true,ready_to_export_for_sorting,,"Run run_mcs_h5_prepare.py --input-msrd <source> --export-binary, then run spike sorting on the derived 59-channel binary.",validated_direct_reader,10000.0,6104000,610.4,59,10
Actuators & Effectors,primary_experimental_group,Stim 1/352.2,2021-06-23T11-27-23McsRecording,/Volumes/MannySSD/final_chemogenetics_raw_data_2026/MANNY MEAs chemogenetics/Actuators & Effectors/Stim 1/352.2/2021-06-23T11-27-23McsRecording.msrd,1476261062,true,/Volumes/MannySSD/final_chemogenetics_raw_data_2026/MANNY MEAs chemogenetics/Actuators & Effectors/Stim 1/352.2/2021-06-23T11-27-23McsRecording.h5,true,ready_to_export_for_sorting,,"Run run_mcs_h5_prepare.py --input-msrd <source> --export-binary, then run spike sorting on the derived 59-channel binary.",validated_direct_reader,10000.0,6097000,609.7,59,10
Actuators & Effectors,primary_experimental_group,Stim 1/352.3,2021-06-22T15-10-39McsRecording,/Volumes/MannySSD/final_chemogenetics_raw_data_2026/MANNY MEAs chemogenetics/Actuators & Effectors/Stim 1/352.3/2021-06-22T15-10-39McsRecording.msrd,1900,true,,false,blocked_source_too_small,The legacy .msrd file is under 1 MB and is not a plausible continuous recording.,Locate the complete recording package before attempting export.,not_attempted_small_file,,,,,
Actuators & Effectors,primary_experimental_group,Stim 1/352.3,2021-06-23T11-42-44McsRecording,/Volumes/MannySSD/final_chemogenetics_raw_data_2026/MANNY MEAs chemogenetics/Actuators & Effectors/Stim 1/352.3/2021-06-23T11-42-44McsRecording.msrd,1480624022,true,/Volumes/MannySSD/final_chemogenetics_raw_data_2026/MANNY MEAs chemogenetics/Actuators & Effectors/Stim 1/352.3/2021-06-23T11-42-44McsRecording.h5,true,ready_to_export_for_sorting,,"Run run_mcs_h5_prepare.py --input-msrd <source> --export-binary, then run spike sorting on the derived 59-channel binary.",validated_direct_reader,10000.0,6115000,611.5,59,10
Actuators & Effectors,primary_experimental_group,Stim 1/353.1,2021-06-22T15-23-26McsRecording,/Volumes/MannySSD/final_chemogenetics_raw_data_2026/MANNY MEAs chemogenetics/Actuators & Effectors/Stim 1/353.1/2021-06-22T15-23-26McsRecording.msrd,1497327082,true,/Volumes/MannySSD/final_chemogenetics_raw_data_2026/MANNY MEAs chemogenetics/Actuators & Effectors/Stim 1/353.1/2021-06-22T15-23-26McsRecording.h5,true,ready_to_export_for_sorting,,"Run run_mcs_h5_prepare.py --input-msrd <source> --export-binary, then run spike sorting on the derived 59-channel binary.",validated_direct_reader,10000.0,6184000,618.4,59,10
Actuators & Effectors,primary_experimental_group,Stim 1/353.1,2021-06-23T10-19-07McsRecording,/Volumes/MannySSD/final_chemogenetics_raw_data_2026/MANNY MEAs chemogenetics/Actuators & Effectors/Stim 1/353.1/2021-06-23T10-19-07McsRecording.msrd,255852544,true,,false,blocked_msrd_unreadable,Missing or invalid FPosNext in MCS MSRD header.,Preserve this source and investigate its file integrity before export.,failed,,,,,
Actuators & Effectors,primary_experimental_group,Stim 1/353.1,2021-06-23T10-22-25McsRecording,/Volumes/MannySSD/final_chemogenetics_raw_data_2026/MANNY MEAs chemogenetics/Actuators & Effectors/Stim 1/353.1/2021-06-23T10-22-25McsRecording.msrd,1476501062,true,,false,ready_to_export_for_sorting,,"Run run_mcs_h5_prepare.py --input-msrd <source> --export-binary, then run spike sorting on the derived 59-channel binary.",validated_direct_reader,10000.0,6098000,609.8,59,10
Actuators & Effectors,primary_experimental_group,Stim 1/353.2,2021-06-22T15-11-13McsRecording,/Volumes/MannySSD/final_chemogenetics_raw_data_2026/MANNY MEAs chemogenetics/Actuators & Effectors/Stim 1/353.2/2021-06-22T15-11-13McsRecording.msrd,95032270,true,,false,ready_to_export_for_sorting,,"Run run_mcs_h5_prepare.py --input-msrd <source> --export-binary, then run spike sorting on the derived 59-channel binary.",validated_direct_reader,10000.0,392000,39.2,59,0
Actuators & Effectors,primary_experimental_group,Stim 1/353.2,2021-06-22T15-12-53McsRecording,/Volumes/MannySSD/final_chemogenetics_raw_data_2026/MANNY MEAs chemogenetics/Actuators & Effectors/Stim 1/353.2/2021-06-22T15-12-53McsRecording.msrd,9313390,true,,false,ready_to_export_for_sorting,,"Run run_mcs_h5_prepare.py --input-msrd <source> --export-binary, then run spike sorting on the derived 59-channel binary.",validated_direct_reader,10000.0,38000,3.8,59,0
Actuators & Effectors,primary_experimental_group,Stim 1/353.2,2021-06-22T15-13-50McsRecording,/Volumes/MannySSD/final_chemogenetics_raw_data_2026/MANNY MEAs chemogenetics/Actuators & Effectors/Stim 1/353.2/2021-06-22T15-13-50McsRecording.msrd,12711450,true,,false,ready_to_export_for_sorting,,"Run run_mcs_h5_prepare.py --input-msrd <source> --export-binary, then run spike sorting on the derived 59-channel binary.",validated_direct_reader,10000.0,52000,5.2,59,0
Actuators & Effectors,primary_experimental_group,Stim 1/353.2,2021-06-22T15-14-30McsRecording,/Volumes/MannySSD/final_chemogenetics_raw_data_2026/MANNY MEAs chemogenetics/Actuators & Effectors/Stim 1/353.2/2021-06-22T15-14-30McsRecording.msrd,156040282,true,,false,ready_to_export_for_sorting,,"Run run_mcs_h5_prepare.py --input-msrd <source> --export-binary, then run spike sorting on the derived 59-channel binary.",validated_direct_reader,10000.0,644000,64.4,59,10
Actuators & Effectors,primary_experimental_group,Stim 1/353.2,2021-06-23T10-38-48McsRecording,/Volumes/MannySSD/final_chemogenetics_raw_data_2026/MANNY MEAs chemogenetics/Actuators & Effectors/Stim 1/353.2/2021-06-23T10-38-48McsRecording.msrd,1477243022,true,,false,ready_to_export_for_sorting,,"Run run_mcs_h5_prepare.py --input-msrd <source> --export-binary, then run spike sorting on the derived 59-channel binary.",validated_direct_reader,10000.0,6101000,610.1,59,10
Actuators & Effectors,primary_experimental_group,Stim 1/353.3,2021-06-23T10-54-59McsRecording,/Volumes/MannySSD/final_chemogenetics_raw_data_2026/MANNY MEAs chemogenetics/Actuators & Effectors/Stim 1/353.3/2021-06-23T10-54-59McsRecording.msrd,1478683022,true,,false,ready_to_export_for_sorting,,"Run run_mcs_h5_prepare.py --input-msrd <source> --export-binary, then run spike sorting on the derived 59-channel binary.",validated_direct_reader,10000.0,6107000,610.7,59,10
Actuators & Effectors,primary_experimental_group,Stim 1/354.1,2021-06-23T09-29-06McsRecording,/Volumes/MannySSD/final_chemogenetics_raw_data_2026/MANNY MEAs chemogenetics/Actuators & Effectors/Stim 1/354.1/2021-06-23T09-29-06McsRecording.msrd,1477483022,true,,false,ready_to_export_for_sorting,,"Run run_mcs_h5_prepare.py --input-msrd <source> --export-binary, then run spike sorting on the derived 59-channel binary.",validated_direct_reader,10000.0,6102000,610.2,59,10
Actuators & Effectors,primary_experimental_group,Stim 1/354.2,2021-06-23T09-47-01McsRecording,/Volumes/MannySSD/final_chemogenetics_raw_data_2026/MANNY MEAs chemogenetics/Actuators & Effectors/Stim 1/354.2/2021-06-23T09-47-01McsRecording.msrd,1477243022,true,,false,ready_to_export_for_sorting,,"Run run_mcs_h5_prepare.py --input-msrd <source> --export-binary, then run spike sorting on the derived 59-channel binary.",validated_direct_reader,10000.0,6101000,610.1,59,10
Actuators & Effectors,primary_experimental_group,Stim 1/354.3,2021-06-23T10-02-54McsRecording,/Volumes/MannySSD/final_chemogenetics_raw_data_2026/MANNY MEAs chemogenetics/Actuators & Effectors/Stim 1/354.3/2021-06-23T10-02-54McsRecording.msrd,1478443022,true,,false,ready_to_export_for_sorting,,"Run run_mcs_h5_prepare.py --input-msrd <source> --export-binary, then run spike sorting on the derived 59-channel binary.",validated_direct_reader,10000.0,6106000,610.6,59,10
Actuators & Effectors,primary_experimental_group,Stim 1/371.1,2021-06-23T08-26-58McsRecording,/Volumes/MannySSD/final_chemogenetics_raw_data_2026/MANNY MEAs chemogenetics/Actuators & Effectors/Stim 1/371.1/2021-06-23T08-26-58McsRecording.msrd,1475301062,true,,false,ready_to_export_for_sorting,,"Run run_mcs_h5_prepare.py --input-msrd <source> --export-binary, then run spike sorting on the derived 59-channel binary.",validated_direct_reader,10000.0,6093000,609.3,59,10
Actuators & Effectors,primary_experimental_group,Stim 1/371.2,2021-06-23T08-52-53McsRecording,/Volumes/MannySSD/final_chemogenetics_raw_data_2026/MANNY MEAs chemogenetics/Actuators & Effectors/Stim 1/371.2/2021-06-23T08-52-53McsRecording.msrd,1491769022,true,,false,ready_to_export_for_sorting,,"Run run_mcs_h5_prepare.py --input-msrd <source> --export-binary, then run spike sorting on the derived 59-channel binary.",validated_direct_reader,10000.0,6161000,616.1,59,10
Actuators & Effectors,primary_experimental_group,Stim 1/371.3,2021-06-23T09-09-11McsRecording,/Volumes/MannySSD/final_chemogenetics_raw_data_2026/MANNY MEAs chemogenetics/Actuators & Effectors/Stim 1/371.3/2021-06-23T09-09-11McsRecording.msrd,1491508022,true,,false,ready_to_export_for_sorting,,"Run run_mcs_h5_prepare.py --input-msrd <source> --export-binary, then run spike sorting on the derived 59-channel binary.",validated_direct_reader,10000.0,6160000,616.0,59,10
Actuators & Effectors,primary_experimental_group,Stim 2/352.1,2021-06-24T09-45-56McsRecording,/Volumes/MannySSD/final_chemogenetics_raw_data_2026/MANNY MEAs chemogenetics/Actuators & Effectors/Stim 2/352.1/2021-06-24T09-45-56McsRecording.msrd,157977210,true,,false,ready_to_export_for_sorting,,"Run run_mcs_h5_prepare.py --input-msrd <source> --export-binary, then run spike sorting on the derived 59-channel binary.",validated_direct_reader,10000.0,652000,65.2,59,0
Actuators & Effectors,primary_experimental_group,Stim 2/352.1,2021-07-05T12-25-39McsRecording,/Volumes/MannySSD/final_chemogenetics_raw_data_2026/MANNY MEAs chemogenetics/Actuators & Effectors/Stim 2/352.1/2021-07-05T12-25-39McsRecording.msrd,81709580,true,,false,ready_to_export_for_sorting,,"Run run_mcs_h5_prepare.py --input-msrd <source> --export-binary, then run spike sorting on the derived 59-channel binary.",validated_direct_reader,10000.0,337000,33.7,60,0
Actuators & Effectors,primary_experimental_group,Stim 2/352.1,2021-07-05T12-26-26McsRecording,/Volumes/MannySSD/final_chemogenetics_raw_data_2026/MANNY MEAs chemogenetics/Actuators & Effectors/Stim 2/352.1/2021-07-05T12-26-26McsRecording.msrd,1470462372,true,,false,ready_to_export_for_sorting,,"Run run_mcs_h5_prepare.py --input-msrd <source> --export-binary, then run spike sorting on the derived 59-channel binary.",validated_direct_reader,10000.0,6073000,607.3,60,10
Actuators & Effectors,primary_experimental_group,Stim 2/352.1,2021-07-05T12-36-38McsRecording,/Volumes/MannySSD/final_chemogenetics_raw_data_2026/MANNY MEAs chemogenetics/Actuators & Effectors/Stim 2/352.1/2021-07-05T12-36-38McsRecording.msrd,291145636,true,,false,ready_to_export_for_sorting,,"Run run_mcs_h5_prepare.py --input-msrd <source> --export-binary, then run spike sorting on the derived 59-channel binary.",validated_direct_reader,10000.0,1202000,120.2,60,1
Actuators & Effectors,primary_experimental_group,Stim 2/352.2,2021-06-24T09-49-56McsRecording,/Volumes/MannySSD/final_chemogenetics_raw_data_2026/MANNY MEAs chemogenetics/Actuators & Effectors/Stim 2/352.2/2021-06-24T09-49-56McsRecording.msrd,198896130,true,,false,ready_to_export_for_sorting,,"Run run_mcs_h5_prepare.py --input-msrd <source> --export-binary, then run spike sorting on the derived 59-channel binary.",validated_direct_reader,10000.0,821000,82.1,59,0
Actuators & Effectors,primary_experimental_group,Stim 2/352.2,2021-07-05T12-44-45McsRecording,/Volumes/MannySSD/final_chemogenetics_raw_data_2026/MANNY MEAs chemogenetics/Actuators & Effectors/Stim 2/352.2/2021-07-05T12-44-45McsRecording.msrd,1469001372,true,,false,ready_to_export_for_sorting,,"Run run_mcs_h5_prepare.py --input-msrd <source> --export-binary, then run spike sorting on the derived 59-channel binary.",validated_direct_reader,10000.0,6067000,606.7,60,10
Actuators & Effectors,primary_experimental_group,Stim 2/352.2,2021-07-05T12-55-02McsRecording,/Volumes/MannySSD/final_chemogenetics_raw_data_2026/MANNY MEAs chemogenetics/Actuators & Effectors/Stim 2/352.2/2021-07-05T12-55-02McsRecording.msrd,291625636,true,,false,ready_to_export_for_sorting,,"Run run_mcs_h5_prepare.py --input-msrd <source> --export-binary, then run spike sorting on the derived 59-channel binary.",validated_direct_reader,10000.0,1204000,120.4,60,1
Actuators & Effectors,primary_experimental_group,Stim 2/352.3,2021-07-05T13-03-12McsRecording,/Volumes/MannySSD/final_chemogenetics_raw_data_2026/MANNY MEAs chemogenetics/Actuators & Effectors/Stim 2/352.3/2021-07-05T13-03-12McsRecording.msrd,1466100372,true,,false,ready_to_export_for_sorting,,"Run run_mcs_h5_prepare.py --input-msrd <source> --export-binary, then run spike sorting on the derived 59-channel binary.",validated_direct_reader,10000.0,6055000,605.5,60,10
Actuators & Effectors,primary_experimental_group,Stim 2/352.3,2021-07-05T13-13-23McsRecording,/Volumes/MannySSD/final_chemogenetics_raw_data_2026/MANNY MEAs chemogenetics/Actuators & Effectors/Stim 2/352.3/2021-07-05T13-13-23McsRecording.msrd,293566636,true,,false,ready_to_export_for_sorting,,"Run run_mcs_h5_prepare.py --input-msrd <source> --export-binary, then run spike sorting on the derived 59-channel binary.",validated_direct_reader,10000.0,1212000,121.2,60,1
Actuators & Effectors,primary_experimental_group,Stim 2/353.1,2021-07-05T10-17-41McsRecording,/Volumes/MannySSD/final_chemogenetics_raw_data_2026/MANNY MEAs chemogenetics/Actuators & Effectors/Stim 2/353.1/2021-07-05T10-17-41McsRecording.msrd,1469714122,true,,false,ready_to_export_for_sorting,,"Run run_mcs_h5_prepare.py --input-msrd <source> --export-binary, then run spike sorting on the derived 59-channel binary.",validated_direct_reader,10000.0,6070000,607.0,60,10
Actuators & Effectors,primary_experimental_group,Stim 2/353.1,2021-07-05T10-29-33McsRecording,/Volumes/MannySSD/final_chemogenetics_raw_data_2026/MANNY MEAs chemogenetics/Actuators & Effectors/Stim 2/353.1/2021-07-05T10-29-33McsRecording.msrd,133025250,true,,false,ready_to_export_for_sorting,,"Run run_mcs_h5_prepare.py --input-msrd <source> --export-binary, then run spike sorting on the derived 59-channel binary.",validated_direct_reader,10000.0,549000,54.9,60,0
Actuators & Effectors,primary_experimental_group,Stim 2/353.1,2021-07-05T10-31-31McsRecording,/Volumes/MannySSD/final_chemogenetics_raw_data_2026/MANNY MEAs chemogenetics/Actuators & Effectors/Stim 2/353.1/2021-07-05T10-31-31McsRecording.msrd,290163676,true,,false,ready_to_export_for_sorting,,"Run run_mcs_h5_prepare.py --input-msrd <source> --export-binary, then run spike sorting on the derived 59-channel binary.",validated_direct_reader,10000.0,1198000,119.8,60,1
Actuators & Effectors,primary_experimental_group,Stim 2/353.1,2021-07-05T11-54-41McsRecording,/Volumes/MannySSD/final_chemogenetics_raw_data_2026/MANNY MEAs chemogenetics/Actuators & Effectors/Stim 2/353.1/2021-07-05T11-54-41McsRecording.msrd,35948660,true,,false,ready_to_export_for_sorting,,"Run run_mcs_h5_prepare.py --input-msrd <source> --export-binary, then run spike sorting on the derived 59-channel binary.",validated_direct_reader,10000.0,148000,14.8,60,0
Actuators & Effectors,primary_experimental_group,Stim 2/353.1,2021-07-05T11-58-49McsRecording,/Volumes/MannySSD/final_chemogenetics_raw_data_2026/MANNY MEAs chemogenetics/Actuators & Effectors/Stim 2/353.1/2021-07-05T11-58-49McsRecording.msrd,579734780,true,,false,ready_to_export_for_sorting,,"Run run_mcs_h5_prepare.py --input-msrd <source> --export-binary, then run spike sorting on the derived 59-channel binary.",validated_direct_reader,10000.0,2394000,239.4,60,0
Actuators & Effectors,primary_experimental_group,Stim 2/353.2,2021-07-05T11-02-19McsRecording,/Volumes/MannySSD/final_chemogenetics_raw_data_2026/MANNY MEAs chemogenetics/Actuators & Effectors/Stim 2/353.2/2021-07-05T11-02-19McsRecording.msrd,1471662372,true,,false,ready_to_export_for_sorting,,"Run run_mcs_h5_prepare.py --input-msrd <source> --export-binary, then run spike sorting on the derived 59-channel binary.",validated_direct_reader,10000.0,6078000,607.8,60,10
Actuators & Effectors,primary_experimental_group,Stim 2/353.2,2021-07-05T11-12-31McsRecording,/Volumes/MannySSD/final_chemogenetics_raw_data_2026/MANNY MEAs chemogenetics/Actuators & Effectors/Stim 2/353.2/2021-07-05T11-12-31McsRecording.msrd,293065636,true,,false,ready_to_export_for_sorting,,"Run run_mcs_h5_prepare.py --input-msrd <source> --export-binary, then run spike sorting on the derived 59-channel binary.",validated_direct_reader,10000.0,1210000,121.0,60,1
Actuators & Effectors,primary_experimental_group,Stim 2/353.3,2021-07-05T12-08-07McsRecording,/Volumes/MannySSD/final_chemogenetics_raw_data_2026/MANNY MEAs chemogenetics/Actuators & Effectors/Stim 2/353.3/2021-07-05T12-08-07McsRecording.msrd,1484248332,true,,false,ready_to_export_for_sorting,,"Run run_mcs_h5_prepare.py --input-msrd <source> --export-binary, then run spike sorting on the derived 59-channel binary.",validated_direct_reader,10000.0,6130000,613.0,60,10
Actuators & Effectors,primary_experimental_group,Stim 2/353.3,2021-07-05T12-18-25McsRecording,/Volumes/MannySSD/final_chemogenetics_raw_data_2026/MANNY MEAs chemogenetics/Actuators & Effectors/Stim 2/353.3/2021-07-05T12-18-25McsRecording.msrd,293806636,true,,false,ready_to_export_for_sorting,,"Run run_mcs_h5_prepare.py --input-msrd <source> --export-binary, then run spike sorting on the derived 59-channel binary.",validated_direct_reader,10000.0,1213000,121.3,60,1
Actuators & Effectors,primary_experimental_group,Stim 2/354.2,2021-07-05T13-19-58McsRecording,/Volumes/MannySSD/final_chemogenetics_raw_data_2026/MANNY MEAs chemogenetics/Actuators & Effectors/Stim 2/354.2/2021-07-05T13-19-58McsRecording.msrd,1477966332,true,,false,ready_to_export_for_sorting,,"Run run_mcs_h5_prepare.py --input-msrd <source> --export-binary, then run spike sorting on the derived 59-channel binary.",validated_direct_reader,10000.0,6104000,610.4,60,10
Actuators & Effectors,primary_experimental_group,Stim 2/354.2,2021-07-05T13-30-14McsRecording,/Volumes/MannySSD/final_chemogenetics_raw_data_2026/MANNY MEAs chemogenetics/Actuators & Effectors/Stim 2/354.2/2021-07-05T13-30-14McsRecording.msrd,291385636,true,,false,ready_to_export_for_sorting,,"Run run_mcs_h5_prepare.py --input-msrd <source> --export-binary, then run spike sorting on the derived 59-channel binary.",validated_direct_reader,10000.0,1203000,120.3,60,1
Actuators & Effectors,primary_experimental_group,Stim 2/354.2,2021-07-05T13-36-17McsRecording,/Volumes/MannySSD/final_chemogenetics_raw_data_2026/MANNY MEAs chemogenetics/Actuators & Effectors/Stim 2/354.2/2021-07-05T13-36-17McsRecording.msrd,52656620,true,,false,ready_to_export_for_sorting,,"Run run_mcs_h5_prepare.py --input-msrd <source> --export-binary, then run spike sorting on the derived 59-channel binary.",validated_direct_reader,10000.0,217000,21.7,60,0
Actuators & Effectors,primary_experimental_group,Stim 2/354.2,2021-07-05T13-36-46McsRecording,/Volumes/MannySSD/final_chemogenetics_raw_data_2026/MANNY MEAs chemogenetics/Actuators & Effectors/Stim 2/354.2/2021-07-05T13-36-46McsRecording.msrd,861929472,true,,false,blocked_msrd_unreadable,Missing or invalid FPosNext in MCS MSRD header.,Preserve this source and investigate its file integrity before export.,failed,,,,,
Actuators & Effectors,primary_experimental_group,Stim 2/354.2,2021-07-05T13-43-26McsRecording,/Volumes/MannySSD/final_chemogenetics_raw_data_2026/MANNY MEAs chemogenetics/Actuators & Effectors/Stim 2/354.2/2021-07-05T13-43-26McsRecording.msrd,255068716,true,,false,ready_to_export_for_sorting,,"Run run_mcs_h5_prepare.py --input-msrd <source> --export-binary, then run spike sorting on the derived 59-channel binary.",validated_direct_reader,10000.0,1053000,105.3,60,1
Actuators & Effectors,primary_experimental_group,Stim 2/371.1,2021-07-05T14-08-25McsRecording,/Volumes/MannySSD/final_chemogenetics_raw_data_2026/MANNY MEAs chemogenetics/Actuators & Effectors/Stim 2/371.1/2021-07-05T14-08-25McsRecording.msrd,1461978372,true,,false,ready_to_export_for_sorting,,"Run run_mcs_h5_prepare.py --input-msrd <source> --export-binary, then run spike sorting on the derived 59-channel binary.",validated_direct_reader,10000.0,6038000,603.8,60,10
Actuators & Effectors,primary_experimental_group,Stim 2/371.1,2021-07-05T14-18-33McsRecording,/Volumes/MannySSD/final_chemogenetics_raw_data_2026/MANNY MEAs chemogenetics/Actuators & Effectors/Stim 2/371.1/2021-07-05T14-18-33McsRecording.msrd,223114756,true,,false,ready_to_export_for_sorting,,"Run run_mcs_h5_prepare.py --input-msrd <source> --export-binary, then run spike sorting on the derived 59-channel binary.",validated_direct_reader,10000.0,921000,92.1,60,1
Actuators & Effectors,primary_experimental_group,Stim 2/371.3,2021-07-05T13-51-27McsRecording,/Volumes/MannySSD/final_chemogenetics_raw_data_2026/MANNY MEAs chemogenetics/Actuators & Effectors/Stim 2/371.3/2021-07-05T13-51-27McsRecording.msrd,1466100372,true,,false,ready_to_export_for_sorting,,"Run run_mcs_h5_prepare.py --input-msrd <source> --export-binary, then run spike sorting on the derived 59-channel binary.",validated_direct_reader,10000.0,6055000,605.5,60,10
Actuators & Effectors,primary_experimental_group,Stim 2/371.3,2021-07-05T14-01-37McsRecording,/Volumes/MannySSD/final_chemogenetics_raw_data_2026/MANNY MEAs chemogenetics/Actuators & Effectors/Stim 2/371.3/2021-07-05T14-01-37McsRecording.msrd,219232756,true,,false,ready_to_export_for_sorting,,"Run run_mcs_h5_prepare.py --input-msrd <source> --export-binary, then run spike sorting on the derived 59-channel binary.",validated_direct_reader,10000.0,905000,90.5,60,1
Actuators & Effectors,primary_experimental_group,Stim 4/352.3,2021-07-30T08-22-12McsRecording,/Volumes/MannySSD/final_chemogenetics_raw_data_2026/MANNY MEAs chemogenetics/Actuators & Effectors/Stim 4/352.3/2021-07-30T08-22-12McsRecording.msrd,1465860372,true,,false,ready_to_export_for_sorting,,"Run run_mcs_h5_prepare.py --input-msrd <source> --export-binary, then run spike sorting on the derived 59-channel binary.",validated_direct_reader,10000.0,6054000,605.4,59,10
Actuators & Effectors,primary_experimental_group,Stim 4/352.3,2021-07-30T08-32-21McsRecording,/Volumes/MannySSD/final_chemogenetics_raw_data_2026/MANNY MEAs chemogenetics/Actuators & Effectors/Stim 4/352.3/2021-07-30T08-32-21McsRecording.msrd,437131396,true,,false,ready_to_export_for_sorting,,"Run run_mcs_h5_prepare.py --input-msrd <source> --export-binary, then run spike sorting on the derived 59-channel binary.",validated_direct_reader,10000.0,1805000,180.5,59,1
Actuators & Effectors,primary_experimental_group,Stim 4/353.1,2021-07-30T07-18-10McsRecording,/Volumes/MannySSD/final_chemogenetics_raw_data_2026/MANNY MEAs chemogenetics/Actuators & Effectors/Stim 4/353.1/2021-07-30T07-18-10McsRecording.msrd,414381020,true,,false,ready_to_export_for_sorting,,"Run run_mcs_h5_prepare.py --input-msrd <source> --export-binary, then run spike sorting on the derived 59-channel binary.",validated_direct_reader,10000.0,1711000,171.1,59,0
Actuators & Effectors,primary_experimental_group,Stim 4/353.1,2021-07-30T07-21-55McsRecording,/Volumes/MannySSD/final_chemogenetics_raw_data_2026/MANNY MEAs chemogenetics/Actuators & Effectors/Stim 4/353.1/2021-07-30T07-21-55McsRecording.msrd,1461978372,true,,false,ready_to_export_for_sorting,,"Run run_mcs_h5_prepare.py --input-msrd <source> --export-binary, then run spike sorting on the derived 59-channel binary.",validated_direct_reader,10000.0,6038000,603.8,59,10
Actuators & Effectors,primary_experimental_group,Stim 4/353.1,2021-07-30T07-32-07McsRecording,/Volumes/MannySSD/final_chemogenetics_raw_data_2026/MANNY MEAs chemogenetics/Actuators & Effectors/Stim 4/353.1/2021-07-30T07-32-07McsRecording.msrd,437371396,true,,false,ready_to_export_for_sorting,,"Run run_mcs_h5_prepare.py --input-msrd <source> --export-binary, then run spike sorting on the derived 59-channel binary.",validated_direct_reader,10000.0,1806000,180.6,59,1
Actuators & Effectors,primary_experimental_group,Stim 4/353.2,2021-07-30T07-41-17McsRecording,/Volumes/MannySSD/final_chemogenetics_raw_data_2026/MANNY MEAs chemogenetics/Actuators & Effectors/Stim 4/353.2/2021-07-30T07-41-17McsRecording.msrd,1461738372,true,,false,ready_to_export_for_sorting,,"Run run_mcs_h5_prepare.py --input-msrd <source> --export-binary, then run spike sorting on the derived 59-channel binary.",validated_direct_reader,10000.0,6037000,603.7,59,10
Actuators & Effectors,primary_experimental_group,Stim 4/353.2,2021-07-30T07-51-27McsRecording,/Volumes/MannySSD/final_chemogenetics_raw_data_2026/MANNY MEAs chemogenetics/Actuators & Effectors/Stim 4/353.2/2021-07-30T07-51-27McsRecording.msrd,439312396,true,,false,ready_to_export_for_sorting,,"Run run_mcs_h5_prepare.py --input-msrd <source> --export-binary, then run spike sorting on the derived 59-channel binary.",validated_direct_reader,10000.0,1814000,181.4,59,1
Actuators & Effectors,primary_experimental_group,Stim 4/353.3,2021-07-30T08-01-19McsRecording,/Volumes/MannySSD/final_chemogenetics_raw_data_2026/MANNY MEAs chemogenetics/Actuators & Effectors/Stim 4/353.3/2021-07-30T08-01-19McsRecording.msrd,1471662372,true,,false,ready_to_export_for_sorting,,"Run run_mcs_h5_prepare.py --input-msrd <source> --export-binary, then run spike sorting on the derived 59-channel binary.",validated_direct_reader,10000.0,6078000,607.8,59,10
Actuators & Effectors,primary_experimental_group,Stim 4/353.3,2021-07-30T08-11-33McsRecording,/Volumes/MannySSD/final_chemogenetics_raw_data_2026/MANNY MEAs chemogenetics/Actuators & Effectors/Stim 4/353.3/2021-07-30T08-11-33McsRecording.msrd,436411396,true,,false,ready_to_export_for_sorting,,"Run run_mcs_h5_prepare.py --input-msrd <source> --export-binary, then run spike sorting on the derived 59-channel binary.",validated_direct_reader,10000.0,1802000,180.2,59,1
Actuators & Effectors,primary_experimental_group,Stim 4/354.1,2021-07-30T08-44-33McsRecording,/Volumes/MannySSD/final_chemogenetics_raw_data_2026/MANNY MEAs chemogenetics/Actuators & Effectors/Stim 4/354.1/2021-07-30T08-44-33McsRecording.msrd,141557760,true,,false,blocked_msrd_unreadable,Missing or invalid FPosNext in MCS MSRD header.,Preserve this source and investigate its file integrity before export.,failed,,,,,
Actuators & Effectors,primary_experimental_group,Stim 4/354.1,2021-07-30T08-47-27McsRecording,/Volumes/MannySSD/final_chemogenetics_raw_data_2026/MANNY MEAs chemogenetics/Actuators & Effectors/Stim 4/354.1/2021-07-30T08-47-27McsRecording.msrd,1464399372,true,,false,ready_to_export_for_sorting,,"Run run_mcs_h5_prepare.py --input-msrd <source> --export-binary, then run spike sorting on the derived 59-channel binary.",validated_direct_reader,10000.0,6048000,604.8,59,10
Actuators & Effectors,primary_experimental_group,Stim 4/354.1,2021-07-30T08-57-37McsRecording,/Volumes/MannySSD/final_chemogenetics_raw_data_2026/MANNY MEAs chemogenetics/Actuators & Effectors/Stim 4/354.1/2021-07-30T08-57-37McsRecording.msrd,437371396,true,,false,ready_to_export_for_sorting,,"Run run_mcs_h5_prepare.py --input-msrd <source> --export-binary, then run spike sorting on the derived 59-channel binary.",validated_direct_reader,10000.0,1806000,180.6,59,1
Actuators & Effectors,primary_experimental_group,Stim 4/354.3,2021-07-30T09-07-52McsRecording,/Volumes/MannySSD/final_chemogenetics_raw_data_2026/MANNY MEAs chemogenetics/Actuators & Effectors/Stim 4/354.3/2021-07-30T09-07-52McsRecording.msrd,1461738372,true,,false,ready_to_export_for_sorting,,"Run run_mcs_h5_prepare.py --input-msrd <source> --export-binary, then run spike sorting on the derived 59-channel binary.",validated_direct_reader,10000.0,6037000,603.7,59,10
Actuators & Effectors,primary_experimental_group,Stim 4/354.3,2021-07-30T09-18-04McsRecording,/Volumes/MannySSD/final_chemogenetics_raw_data_2026/MANNY MEAs chemogenetics/Actuators & Effectors/Stim 4/354.3/2021-07-30T09-18-04McsRecording.msrd,436891396,true,,false,ready_to_export_for_sorting,,"Run run_mcs_h5_prepare.py --input-msrd <source> --export-binary, then run spike sorting on the derived 59-channel binary.",validated_direct_reader,10000.0,1804000,180.4,59,1
Actuators & Effectors,primary_experimental_group,Stim 4/371.1,2021-07-30T09-28-25McsRecording,/Volumes/MannySSD/final_chemogenetics_raw_data_2026/MANNY MEAs chemogenetics/Actuators & Effectors/Stim 4/371.1/2021-07-30T09-28-25McsRecording.msrd,1474323372,true,,false,ready_to_export_for_sorting,,"Run run_mcs_h5_prepare.py --input-msrd <source> --export-binary, then run spike sorting on the derived 59-channel binary.",validated_direct_reader,10000.0,6089000,608.9,59,10
Actuators & Effectors,primary_experimental_group,Stim 4/371.2,2021-07-30T09-44-04McsRecording,/Volumes/MannySSD/final_chemogenetics_raw_data_2026/MANNY MEAs chemogenetics/Actuators & Effectors/Stim 4/371.2/2021-07-30T09-44-04McsRecording.msrd,1463439372,true,,false,ready_to_export_for_sorting,,"Run run_mcs_h5_prepare.py --input-msrd <source> --export-binary, then run spike sorting on the derived 59-channel binary.",validated_direct_reader,10000.0,6044000,604.4,59,10
Actuators & Effectors,primary_experimental_group,Stim 4/371.3,2021-07-30T09-59-07McsRecording,/Volumes/MannySSD/final_chemogenetics_raw_data_2026/MANNY MEAs chemogenetics/Actuators & Effectors/Stim 4/371.3/2021-07-30T09-59-07McsRecording.msrd,205880490,true,,false,ready_to_export_for_sorting,,"Run run_mcs_h5_prepare.py --input-msrd <source> --export-binary, then run spike sorting on the derived 59-channel binary.",validated_direct_reader,10000.0,850000,85.0,59,0
Actuators & Effectors,primary_experimental_group,Stim 4/371.3,2021-07-30T10-02-42McsRecording,/Volumes/MannySSD/final_chemogenetics_raw_data_2026/MANNY MEAs chemogenetics/Actuators & Effectors/Stim 4/371.3/2021-07-30T10-02-42McsRecording.msrd,1467561372,true,,false,ready_to_export_for_sorting,,"Run run_mcs_h5_prepare.py --input-msrd <source> --export-binary, then run spike sorting on the derived 59-channel binary.",validated_direct_reader,10000.0,6061000,606.1,59,10
Actuators & Veh,primary_experimental_group,8-15-22 353,2022-08-15T17-50-18McsRecording_2,/Volumes/MannySSD/final_chemogenetics_raw_data_2026/MANNY MEAs chemogenetics/Actuators & Veh/8-15-22 353/2022-08-15T17-50-18McsRecording_2.msrd,579971602,true,,false,ready_to_export_for_sorting,,"Run run_mcs_h5_prepare.py --input-msrd <source> --export-binary, then run spike sorting on the derived 59-channel binary.",validated_direct_reader,10000.0,2395000,239.5,59,10
Actuators & Veh,primary_experimental_group,8-15-22 354-1,2022-08-15T17-23-14McsRecording_2,/Volumes/MannySSD/final_chemogenetics_raw_data_2026/MANNY MEAs chemogenetics/Actuators & Veh/8-15-22 354-1/2022-08-15T17-23-14McsRecording_2.msrd,872445082,true,,false,ready_to_export_for_sorting,,"Run run_mcs_h5_prepare.py --input-msrd <source> --export-binary, then run spike sorting on the derived 59-channel binary.",validated_direct_reader,10000.0,3603000,360.3,59,10
Actuators & Veh,primary_experimental_group,8-15-22 354-2,2022-08-15T17-37-34McsRecording_2,/Volumes/MannySSD/final_chemogenetics_raw_data_2026/MANNY MEAs chemogenetics/Actuators & Veh/8-15-22 354-2/2022-08-15T17-37-34McsRecording_2.msrd,590376562,true,,false,ready_to_export_for_sorting,,"Run run_mcs_h5_prepare.py --input-msrd <source> --export-binary, then run spike sorting on the derived 59-channel binary.",validated_direct_reader,10000.0,2438000,243.8,59,10
Actuators & Veh,primary_experimental_group,8-15-22 371,2022-08-15T18-04-27McsRecording_2,/Volumes/MannySSD/final_chemogenetics_raw_data_2026/MANNY MEAs chemogenetics/Actuators & Veh/8-15-22 371/2022-08-15T18-04-27McsRecording_2.msrd,582633562,true,,false,ready_to_export_for_sorting,,"Run run_mcs_h5_prepare.py --input-msrd <source> --export-binary, then run spike sorting on the derived 59-channel binary.",validated_direct_reader,10000.0,2406000,240.6,59,10
Actuators & Veh,primary_experimental_group,8-15-22 D3-1,2022-08-15T16-48-56McsRecording_2,/Volumes/MannySSD/final_chemogenetics_raw_data_2026/MANNY MEAs chemogenetics/Actuators & Veh/8-15-22 D3-1/2022-08-15T16-48-56McsRecording_2.msrd,614587522,true,,false,ready_to_export_for_sorting,,"Run run_mcs_h5_prepare.py --input-msrd <source> --export-binary, then run spike sorting on the derived 59-channel binary.",validated_direct_reader,10000.0,2538000,253.8,59,10
Actuators & Veh,primary_experimental_group,8-15-22 D3-2,2022-08-15T17-07-56McsRecording_2,/Volumes/MannySSD/final_chemogenetics_raw_data_2026/MANNY MEAs chemogenetics/Actuators & Veh/8-15-22 D3-2/2022-08-15T17-07-56McsRecording_2.msrd,888171082,true,,false,ready_to_export_for_sorting,,"Run run_mcs_h5_prepare.py --input-msrd <source> --export-binary, then run spike sorting on the derived 59-channel binary.",validated_direct_reader,10000.0,3668000,366.8,59,10
Actuators & Veh,primary_experimental_group,8-16-22 371,2022-08-16T16-27-38McsRecording,/Volumes/MannySSD/final_chemogenetics_raw_data_2026/MANNY MEAs chemogenetics/Actuators & Veh/8-16-22 371/2022-08-16T16-27-38McsRecording.msrd,521381610,true,,false,ready_to_export_for_sorting,,"Run run_mcs_h5_prepare.py --input-msrd <source> --export-binary, then run spike sorting on the derived 59-channel binary.",validated_direct_reader,10000.0,2153000,215.3,59,0
Actuators & Veh,primary_experimental_group,8-16-22 371,2022-08-16T16-40-22McsRecording,/Volumes/MannySSD/final_chemogenetics_raw_data_2026/MANNY MEAs chemogenetics/Actuators & Veh/8-16-22 371/2022-08-16T16-40-22McsRecording.msrd,6888450,true,,false,ready_to_export_for_sorting,,"Run run_mcs_h5_prepare.py --input-msrd <source> --export-binary, then run spike sorting on the derived 59-channel binary.",validated_direct_reader,10000.0,28000,2.8,59,0
Actuators & Veh,primary_experimental_group,8-16-22 371,2022-08-16T16-42-50McsRecording,/Volumes/MannySSD/final_chemogenetics_raw_data_2026/MANNY MEAs chemogenetics/Actuators & Veh/8-16-22 371/2022-08-16T16-42-50McsRecording.msrd,4707450,true,,false,ready_to_export_for_sorting,,"Run run_mcs_h5_prepare.py --input-msrd <source> --export-binary, then run spike sorting on the derived 59-channel binary.",validated_direct_reader,10000.0,19000,1.9,59,0
Actuators & Veh,primary_experimental_group,8-16-22 371,2022-08-16T16-43-07McsRecording,/Volumes/MannySSD/final_chemogenetics_raw_data_2026/MANNY MEAs chemogenetics/Actuators & Veh/8-16-22 371/2022-08-16T16-43-07McsRecording.msrd,3267450,true,,false,ready_to_export_for_sorting,,"Run run_mcs_h5_prepare.py --input-msrd <source> --export-binary, then run spike sorting on the derived 59-channel binary.",validated_direct_reader,10000.0,13000,1.3,59,0
Actuators & Veh,primary_experimental_group,8-16-22 371,2022-08-16T16-52-02McsRecording,/Volumes/MannySSD/final_chemogenetics_raw_data_2026/MANNY MEAs chemogenetics/Actuators & Veh/8-16-22 371/2022-08-16T16-52-02McsRecording.msrd,291382042,true,,false,ready_to_export_for_sorting,,"Run run_mcs_h5_prepare.py --input-msrd <source> --export-binary, then run spike sorting on the derived 59-channel binary.",validated_direct_reader,10000.0,1203000,120.3,59,10
Actuators & Veh,primary_experimental_group,8-16-22 371,2022-08-16T16-55-30McsRecording,/Volumes/MannySSD/final_chemogenetics_raw_data_2026/MANNY MEAs chemogenetics/Actuators & Veh/8-16-22 371/2022-08-16T16-55-30McsRecording.msrd,451466514,true,,false,ready_to_export_for_sorting,,"Run run_mcs_h5_prepare.py --input-msrd <source> --export-binary, then run spike sorting on the derived 59-channel binary.",validated_direct_reader,10000.0,1864000,186.4,59,140
Actuators & Veh,primary_experimental_group,8-16-22 371,2022-08-16T16-58-54McsRecording,/Volumes/MannySSD/final_chemogenetics_raw_data_2026/MANNY MEAs chemogenetics/Actuators & Veh/8-16-22 371/2022-08-16T16-58-54McsRecording.msrd,294303306,true,,false,ready_to_export_for_sorting,,"Run run_mcs_h5_prepare.py --input-msrd <source> --export-binary, then run spike sorting on the derived 59-channel binary.",validated_direct_reader,10000.0,1215000,121.5,59,60
Actuators & Veh,primary_experimental_group,8-16-22 371,2022-08-16T17-01-26McsRecording,/Volumes/MannySSD/final_chemogenetics_raw_data_2026/MANNY MEAs chemogenetics/Actuators & Veh/8-16-22 371/2022-08-16T17-01-26McsRecording.msrd,291882306,true,,false,ready_to_export_for_sorting,,"Run run_mcs_h5_prepare.py --input-msrd <source> --export-binary, then run spike sorting on the derived 59-channel binary.",validated_direct_reader,10000.0,1205000,120.5,59,60
Actuators & Veh,primary_experimental_group,8-16-22 371,2022-08-16T17-14-49McsRecording,/Volumes/MannySSD/final_chemogenetics_raw_data_2026/MANNY MEAs chemogenetics/Actuators & Veh/8-16-22 371/2022-08-16T17-14-49McsRecording.msrd,375159186,true,,false,ready_to_export_for_sorting,,"Run run_mcs_h5_prepare.py --input-msrd <source> --export-binary, then run spike sorting on the derived 59-channel binary.",validated_direct_reader,10000.0,1549000,154.9,59,60
Actuators & Veh,primary_experimental_group,8-16-22 371,2022-08-16T17-21-02McsRecording,/Volumes/MannySSD/final_chemogenetics_raw_data_2026/MANNY MEAs chemogenetics/Actuators & Veh/8-16-22 371/2022-08-16T17-21-02McsRecording.msrd,1453829242,true,,false,ready_to_export_for_sorting,,"Run run_mcs_h5_prepare.py --input-msrd <source> --export-binary, then run spike sorting on the derived 59-channel binary.",validated_direct_reader,10000.0,6004000,600.4,59,210
Actuators & Veh,primary_experimental_group,8-17-22 353,2022-08-17T15-49-18McsRecording,/Volumes/MannySSD/final_chemogenetics_raw_data_2026/MANNY MEAs chemogenetics/Actuators & Veh/8-17-22 353/2022-08-17T15-49-18McsRecording.msrd,437127802,true,,false,ready_to_export_for_sorting,,"Run run_mcs_h5_prepare.py --input-msrd <source> --export-binary, then run spike sorting on the derived 59-channel binary.",validated_direct_reader,10000.0,1805000,180.5,59,10
Actuators & Veh,primary_experimental_group,8-17-22 354-2,2022-08-17T15-38-18McsRecording,/Volumes/MannySSD/final_chemogenetics_raw_data_2026/MANNY MEAs chemogenetics/Actuators & Veh/8-17-22 354-2/2022-08-17T15-38-18McsRecording.msrd,577550602,true,,false,ready_to_export_for_sorting,,"Run run_mcs_h5_prepare.py --input-msrd <source> --export-binary, then run spike sorting on the derived 59-channel binary.",validated_direct_reader,10000.0,2385000,238.5,59,10
Actuators & Veh,primary_experimental_group,8-17-22 371,2022-08-17T15-57-33McsRecording,/Volumes/MannySSD/final_chemogenetics_raw_data_2026/MANNY MEAs chemogenetics/Actuators & Veh/8-17-22 371/2022-08-17T15-57-33McsRecording.msrd,448272802,true,,false,ready_to_export_for_sorting,,"Run run_mcs_h5_prepare.py --input-msrd <source> --export-binary, then run spike sorting on the derived 59-channel binary.",validated_direct_reader,10000.0,1851000,185.1,59,10
Actuators & Veh,primary_experimental_group,8-17-22 D3-1,2022-08-17T15-05-04McsRecording,/Volumes/MannySSD/final_chemogenetics_raw_data_2026/MANNY MEAs chemogenetics/Actuators & Veh/8-17-22 D3-1/2022-08-17T15-05-04McsRecording.msrd,579491602,true,,false,ready_to_export_for_sorting,,"Run run_mcs_h5_prepare.py --input-msrd <source> --export-binary, then run spike sorting on the derived 59-channel binary.",validated_direct_reader,10000.0,2393000,239.3,59,10
Actuators & Veh,primary_experimental_group,8-17-22 D3-2,2022-08-17T15-17-08McsRecording,/Volumes/MannySSD/final_chemogenetics_raw_data_2026/MANNY MEAs chemogenetics/Actuators & Veh/8-17-22 D3-2/2022-08-17T15-17-08McsRecording.msrd,594738562,true,,false,ready_to_export_for_sorting,,"Run run_mcs_h5_prepare.py --input-msrd <source> --export-binary, then run spike sorting on the derived 59-channel binary.",validated_direct_reader,10000.0,2456000,245.6,59,10
Actuators & Veh,primary_experimental_group,8-17-22 D3-2,2022-08-17T15-28-37McsRecording,/Volumes/MannySSD/final_chemogenetics_raw_data_2026/MANNY MEAs chemogenetics/Actuators & Veh/8-17-22 D3-2/2022-08-17T15-28-37McsRecording.msrd,595698562,true,,false,ready_to_export_for_sorting,,"Run run_mcs_h5_prepare.py --input-msrd <source> --export-binary, then run spike sorting on the derived 59-channel binary.",validated_direct_reader,10000.0,2460000,246.0,59,10
MEA 2023,separate_2023_collection,353-1 2_6_23,2023-02-06T21-25-46McsRecording,/Volumes/MannySSD/final_chemogenetics_raw_data_2026/MANNY MEAs chemogenetics/MEA 2023/353-1 2_6_23/2023-02-06T21-25-46McsRecording.msrd,1455184050,true,,false,ready_to_export_for_sorting,,"Run run_mcs_h5_prepare.py --input-msrd <source> --export-binary, then run spike sorting on the derived 59-channel binary.",validated_direct_reader,10000.0,6010000,601.0,59,0
MEA 2023,separate_2023_collection,353-1 2_8_23,2023-02-08T18-33-53McsRecording,/Volumes/MannySSD/final_chemogenetics_raw_data_2026/MANNY MEAs chemogenetics/MEA 2023/353-1 2_8_23/2023-02-08T18-33-53McsRecording.msrd,1667279730,true,,false,ready_to_export_for_sorting,,"Run run_mcs_h5_prepare.py --input-msrd <source> --export-binary, then run spike sorting on the derived 59-channel binary.",validated_direct_reader,10000.0,6886000,688.6,59,0
MEA 2023,separate_2023_collection,353-2 2_7_23,2023-02-07T18-03-33McsRecording,/Volumes/MannySSD/final_chemogenetics_raw_data_2026/MANNY MEAs chemogenetics/MEA 2023/353-2 2_7_23/2023-02-07T18-03-33McsRecording.msrd,1460527050,true,,false,ready_to_export_for_sorting,,"Run run_mcs_h5_prepare.py --input-msrd <source> --export-binary, then run spike sorting on the derived 59-channel binary.",validated_direct_reader,10000.0,6032000,603.2,59,0
MEA 2023,separate_2023_collection,353-2 2_9_23,2023-02-09T15-46-24McsRecording,/Volumes/MannySSD/final_chemogenetics_raw_data_2026/MANNY MEAs chemogenetics/MEA 2023/353-2 2_9_23/2023-02-09T15-46-24McsRecording.msrd,1453744050,true,,false,ready_to_export_for_sorting,,"Run run_mcs_h5_prepare.py --input-msrd <source> --export-binary, then run spike sorting on the derived 59-channel binary.",validated_direct_reader,10000.0,6004000,600.4,59,0
MEA 2023,separate_2023_collection,354-1 2_6_23,2023-02-06T20-59-28McsRecording,/Volumes/MannySSD/final_chemogenetics_raw_data_2026/MANNY MEAs chemogenetics/MEA 2023/354-1 2_6_23/2023-02-06T20-59-28McsRecording.msrd,1459306050,true,,false,ready_to_export_for_sorting,,"Run run_mcs_h5_prepare.py --input-msrd <source> --export-binary, then run spike sorting on the derived 59-channel binary.",validated_direct_reader,10000.0,6027000,602.7,59,0
MEA 2023,separate_2023_collection,354-1 2_8_23,2023-02-08T17-57-36McsRecording,/Volumes/MannySSD/final_chemogenetics_raw_data_2026/MANNY MEAs chemogenetics/MEA 2023/354-1 2_8_23/2023-02-08T17-57-36McsRecording.msrd,1452762090,true,,false,ready_to_export_for_sorting,,"Run run_mcs_h5_prepare.py --input-msrd <source> --export-binary, then run spike sorting on the derived 59-channel binary.",validated_direct_reader,10000.0,6000000,600.0,59,0
MEA 2023,separate_2023_collection,354-2 2_7_23,2023-02-07T18-38-46McsRecording,/Volumes/MannySSD/final_chemogenetics_raw_data_2026/MANNY MEAs chemogenetics/MEA 2023/354-2 2_7_23/2023-02-07T18-38-46McsRecording.msrd,1453504050,true,,false,ready_to_export_for_sorting,,"Run run_mcs_h5_prepare.py --input-msrd <source> --export-binary, then run spike sorting on the derived 59-channel binary.",validated_direct_reader,10000.0,6003000,600.3,59,0
MEA 2023,separate_2023_collection,354-2 2_7_23,2023-02-07T18-48-58McsRecording,/Volumes/MannySSD/final_chemogenetics_raw_data_2026/MANNY MEAs chemogenetics/MEA 2023/354-2 2_7_23/2023-02-07T18-48-58McsRecording.msrd,732017250,true,,false,ready_to_export_for_sorting,,"Run run_mcs_h5_prepare.py --input-msrd <source> --export-binary, then run spike sorting on the derived 59-channel binary.",validated_direct_reader,10000.0,3023000,302.3,59,0
MEA 2023,separate_2023_collection,354-2 2_9_23,2023-02-09T15-12-27McsRecording,/Volumes/MannySSD/final_chemogenetics_raw_data_2026/MANNY MEAs chemogenetics/MEA 2023/354-2 2_9_23/2023-02-09T15-12-27McsRecording.msrd,1453264050,true,,false,ready_to_export_for_sorting,,"Run run_mcs_h5_prepare.py --input-msrd <source> --export-binary, then run spike sorting on the derived 59-channel binary.",validated_direct_reader,10000.0,6002000,600.2,59,0
MEA 2023,separate_2023_collection,371-1 2_6_23,2023-02-06T21-44-35McsRecording,/Volumes/MannySSD/final_chemogenetics_raw_data_2026/MANNY MEAs chemogenetics/MEA 2023/371-1 2_6_23/2023-02-06T21-44-35McsRecording.msrd,1453984050,true,,false,ready_to_export_for_sorting,,"Run run_mcs_h5_prepare.py --input-msrd <source> --export-binary, then run spike sorting on the derived 59-channel binary.",validated_direct_reader,10000.0,6005000,600.5,59,0
MEA 2023,separate_2023_collection,371-1 2_8_23,2023-02-08T18-52-13McsRecording,/Volumes/MannySSD/final_chemogenetics_raw_data_2026/MANNY MEAs chemogenetics/MEA 2023/371-1 2_8_23/2023-02-08T18-52-13McsRecording.msrd,1453744050,true,,false,ready_to_export_for_sorting,,"Run run_mcs_h5_prepare.py --input-msrd <source> --export-binary, then run spike sorting on the derived 59-channel binary.",validated_direct_reader,10000.0,6004000,600.4,59,0
MEA 2023,separate_2023_collection,371-2 2_7_23,2023-02-07T19-01-45McsRecording,/Volumes/MannySSD/final_chemogenetics_raw_data_2026/MANNY MEAs chemogenetics/MEA 2023/371-2 2_7_23/2023-02-07T19-01-45McsRecording.msrd,1744035570,true,,false,ready_to_export_for_sorting,,"Run run_mcs_h5_prepare.py --input-msrd <source> --export-binary, then run spike sorting on the derived 59-channel binary.",validated_direct_reader,10000.0,7203000,720.3,59,0
MEA 2023,separate_2023_collection,371-2 2_9_23,2023-02-09T16-01-57McsRecording,/Volumes/MannySSD/final_chemogenetics_raw_data_2026/MANNY MEAs chemogenetics/MEA 2023/371-2 2_9_23/2023-02-09T16-01-57McsRecording.msrd,2064820050,true,,false,ready_to_export_for_sorting,,"Run run_mcs_h5_prepare.py --input-msrd <source> --export-binary, then run spike sorting on the derived 59-channel binary.",validated_direct_reader,10000.0,8528000,852.8,59,0
MEA 2023,separate_2023_collection,D3-1 2_8_23,2023-02-08T18-16-58McsRecording,/Volumes/MannySSD/final_chemogenetics_raw_data_2026/MANNY MEAs chemogenetics/MEA 2023/D3-1 2_8_23/2023-02-08T18-16-58McsRecording.msrd,1453504050,true,,false,ready_to_export_for_sorting,,"Run run_mcs_h5_prepare.py --input-msrd <source> --export-binary, then run spike sorting on the derived 59-channel binary.",validated_direct_reader,10000.0,6003000,600.3,59,0
MEA 2023,separate_2023_collection,D3-2 2_3_23,2023-02-03T18-31-11McsRecording,/Volumes/MannySSD/final_chemogenetics_raw_data_2026/MANNY MEAs chemogenetics/MEA 2023/D3-2 2_3_23/2023-02-03T18-31-11McsRecording.msrd,725473290,true,,false,ready_to_export_for_sorting,,"Run run_mcs_h5_prepare.py --input-msrd <source> --export-binary, then run spike sorting on the derived 59-channel binary.",validated_direct_reader,10000.0,2996000,299.6,59,0
MEA 2023,separate_2023_collection,D3-2 2_3_23,2023-02-05T17-53-25McsRecording,/Volumes/MannySSD/final_chemogenetics_raw_data_2026/MANNY MEAs chemogenetics/MEA 2023/D3-2 2_3_23/2023-02-05T17-53-25McsRecording.msrd,1747176570,true,,false,ready_to_export_for_sorting,,"Run run_mcs_h5_prepare.py --input-msrd <source> --export-binary, then run spike sorting on the derived 59-channel binary.",validated_direct_reader,10000.0,7216000,721.6,59,0
MEA 2023,separate_2023_collection,D3-2 2_3_23,2023-02-06T20-41-22McsRecording,/Volumes/MannySSD/final_chemogenetics_raw_data_2026/MANNY MEAs chemogenetics/MEA 2023/D3-2 2_3_23/2023-02-06T20-41-22McsRecording.msrd,1456645050,true,,false,ready_to_export_for_sorting,,"Run run_mcs_h5_prepare.py --input-msrd <source> --export-binary, then run spike sorting on the derived 59-channel binary.",validated_direct_reader,10000.0,6016000,601.6,59,0
MEA 2023,separate_2023_collection,D3-2 2_7_23,2023-02-07T18-21-50McsRecording,/Volumes/MannySSD/final_chemogenetics_raw_data_2026/MANNY MEAs chemogenetics/MEA 2023/D3-2 2_7_23/2023-02-07T18-21-50McsRecording.msrd,1468750050,true,,false,ready_to_export_for_sorting,,"Run run_mcs_h5_prepare.py --input-msrd <source> --export-binary, then run spike sorting on the derived 59-channel binary.",validated_direct_reader,10000.0,6066000,606.6,59,0
MEA 2023,separate_2023_collection,D3-2 2_9_23,2023-02-09T15-30-50McsRecording,/Volumes/MannySSD/final_chemogenetics_raw_data_2026/MANNY MEAs chemogenetics/MEA 2023/D3-2 2_9_23/2023-02-09T15-30-50McsRecording.msrd,1453984050,true,,false,ready_to_export_for_sorting,,"Run run_mcs_h5_prepare.py --input-msrd <source> --export-binary, then run spike sorting on the derived 59-channel binary.",validated_direct_reader,10000.0,6005000,600.5,59,0
plain neurons & Effectors,primary_experimental_group,CNO1,2022-03-14T14-49-04McsRecording,/Volumes/MannySSD/final_chemogenetics_raw_data_2026/MANNY MEAs chemogenetics/plain neurons & Effectors/CNO1/2022-03-14T14-49-04McsRecording.msrd,1453988122,true,,false,ready_to_export_for_sorting,,"Run run_mcs_h5_prepare.py --input-msrd <source> --export-binary, then run spike sorting on the derived 59-channel binary.",validated_direct_reader,10000.0,6005000,600.5,59,10
plain neurons & Effectors,primary_experimental_group,CNO2,2022-03-14T15-21-19McsRecording,/Volumes/MannySSD/final_chemogenetics_raw_data_2026/MANNY MEAs chemogenetics/plain neurons & Effectors/CNO2/2022-03-14T15-21-19McsRecording.msrd,625488450,true,,false,ready_to_export_for_sorting,,"Run run_mcs_h5_prepare.py --input-msrd <source> --export-binary, then run spike sorting on the derived 59-channel binary.",validated_direct_reader,10000.0,2583000,258.3,59,0
plain neurons & Effectors,primary_experimental_group,CNO2,2022-03-14T15-25-53McsRecording,/Volumes/MannySSD/final_chemogenetics_raw_data_2026/MANNY MEAs chemogenetics/plain neurons & Effectors/CNO2/2022-03-14T15-25-53McsRecording.msrd,791567242,true,,false,ready_to_export_for_sorting,,"Run run_mcs_h5_prepare.py --input-msrd <source> --export-binary, then run spike sorting on the derived 59-channel binary.",validated_direct_reader,10000.0,3269000,326.9,59,10
plain neurons & Effectors,primary_experimental_group,CNO3,2022-03-14T15-49-31McsRecording,/Volumes/MannySSD/final_chemogenetics_raw_data_2026/MANNY MEAs chemogenetics/plain neurons & Effectors/CNO3/2022-03-14T15-49-31McsRecording.msrd,1456169122,true,,false,ready_to_export_for_sorting,,"Run run_mcs_h5_prepare.py --input-msrd <source> --export-binary, then run spike sorting on the derived 59-channel binary.",validated_direct_reader,10000.0,6014000,601.4,59,10
plain neurons & Effectors,primary_experimental_group,CTZ1,2022-03-14T16-25-24McsRecording,/Volumes/MannySSD/final_chemogenetics_raw_data_2026/MANNY MEAs chemogenetics/plain neurons & Effectors/CTZ1/2022-03-14T16-25-24McsRecording.msrd,1454228122,true,,false,ready_to_export_for_sorting,,"Run run_mcs_h5_prepare.py --input-msrd <source> --export-binary, then run spike sorting on the derived 59-channel binary.",validated_direct_reader,10000.0,6006000,600.6,59,10
plain neurons & Effectors,primary_experimental_group,CTZ2,2022-03-14T16-50-27McsRecording,/Volumes/MannySSD/final_chemogenetics_raw_data_2026/MANNY MEAs chemogenetics/plain neurons & Effectors/CTZ2/2022-03-14T16-50-27McsRecording.msrd,1453988122,true,,false,ready_to_export_for_sorting,,"Run run_mcs_h5_prepare.py --input-msrd <source> --export-binary, then run spike sorting on the derived 59-channel binary.",validated_direct_reader,10000.0,6005000,600.5,59,10
plain neurons & Effectors,primary_experimental_group,CTZ3,2022-03-14T17-20-47McsRecording,/Volumes/MannySSD/final_chemogenetics_raw_data_2026/MANNY MEAs chemogenetics/plain neurons & Effectors/CTZ3/2022-03-14T17-20-47McsRecording.msrd,1453988122,true,,false,ready_to_export_for_sorting,,"Run run_mcs_h5_prepare.py --input-msrd <source> --export-binary, then run spike sorting on the derived 59-channel binary.",validated_direct_reader,10000.0,6005000,600.5,59,10
plain neurons & Effectors,primary_experimental_group,NB1,2022-03-13T19-19-35McsRecording,/Volumes/MannySSD/final_chemogenetics_raw_data_2026/MANNY MEAs chemogenetics/plain neurons & Effectors/NB1/2022-03-13T19-19-35McsRecording.msrd,1456169122,true,,false,ready_to_export_for_sorting,,"Run run_mcs_h5_prepare.py --input-msrd <source> --export-binary, then run spike sorting on the derived 59-channel binary.",validated_direct_reader,10000.0,6014000,601.4,59,10
plain neurons & Effectors,primary_experimental_group,NB2,2022-03-13T20-08-10McsRecording,/Volumes/MannySSD/final_chemogenetics_raw_data_2026/MANNY MEAs chemogenetics/plain neurons & Effectors/NB2/2022-03-13T20-08-10McsRecording.msrd,1455929122,true,,false,ready_to_export_for_sorting,,"Run run_mcs_h5_prepare.py --input-msrd <source> --export-binary, then run spike sorting on the derived 59-channel binary.",validated_direct_reader,10000.0,6013000,601.3,59,10
plain neurons & Effectors,primary_experimental_group,NB3,2022-03-13T20-33-18McsRecording,/Volumes/MannySSD/final_chemogenetics_raw_data_2026/MANNY MEAs chemogenetics/plain neurons & Effectors/NB3/2022-03-13T20-33-18McsRecording.msrd,1454228122,true,,false,ready_to_export_for_sorting,,"Run run_mcs_h5_prepare.py --input-msrd <source> --export-binary, then run spike sorting on the derived 59-channel binary.",validated_direct_reader,10000.0,6006000,600.6,59,10
plain neurons & Effectors,primary_experimental_group,PSEM1,2022-03-13T17-31-43McsRecording,/Volumes/MannySSD/final_chemogenetics_raw_data_2026/MANNY MEAs chemogenetics/plain neurons & Effectors/PSEM1/2022-03-13T17-31-43McsRecording.msrd,1468274122,true,,false,ready_to_export_for_sorting,,"Run run_mcs_h5_prepare.py --input-msrd <source> --export-binary, then run spike sorting on the derived 59-channel binary.",validated_direct_reader,10000.0,6064000,606.4,59,10
plain neurons & Effectors,primary_experimental_group,PSEM2,2022-03-13T18-30-24McsRecording,/Volumes/MannySSD/final_chemogenetics_raw_data_2026/MANNY MEAs chemogenetics/plain neurons & Effectors/PSEM2/2022-03-13T18-30-24McsRecording.msrd,1454468122,true,,false,ready_to_export_for_sorting,,"Run run_mcs_h5_prepare.py --input-msrd <source> --export-binary, then run spike sorting on the derived 59-channel binary.",validated_direct_reader,10000.0,6007000,600.7,59,10
plain neurons & Effectors,primary_experimental_group,PSEM3,2022-03-13T18-52-57McsRecording,/Volumes/MannySSD/final_chemogenetics_raw_data_2026/MANNY MEAs chemogenetics/plain neurons & Effectors/PSEM3/2022-03-13T18-52-57McsRecording.msrd,1461011122,true,,false,ready_to_export_for_sorting,,"Run run_mcs_h5_prepare.py --input-msrd <source> --export-binary, then run spike sorting on the derived 59-channel binary.",validated_direct_reader,10000.0,6034000,603.4,59,10
